seed,n,Método,Custo,Tempo (s),Gap (%)
42,2,Ótimo (Gurobi),82.96234247584141,0.0,0.0
42,2,Nearest Neighbor,82.96234247584141,0.0,0.0
42,2,Cheapest Insertion,82.96234247584141,0.0,0.0
42,2,Farthest Insertion,82.96234247584141,0.0,0.0
42,3,Ótimo (Gurobi),172.06644813862846,0.0,0.0
42,3,Nearest Neighbor,172.06644813862846,0.0,0.0
42,3,Cheapest Insertion,172.06644813862846,0.0,0.0
42,3,Farthest Insertion,172.06644813862846,0.0,0.0
42,4,Ótimo (Gurobi),193.19881006757157,0.0,0.0
42,4,Nearest Neighbor,193.19881006757157,0.0,0.0
42,4,Cheapest Insertion,193.19881006757157,0.0,0.0
42,4,Farthest Insertion,193.19881006757157,0.0,0.0
42,5,Ótimo (Gurobi),197.76047663253786,0.0,0.0
42,5,Nearest Neighbor,236.12886729982554,0.0,19.401445284024398
42,5,Cheapest Insertion,197.76047663253783,0.0,-1.437178445074992e-14
42,5,Farthest Insertion,197.76047663253786,0.0,0.0
42,6,Ótimo (Gurobi),216.37962719062116,0.00632929801940918,0.0
42,6,Nearest Neighbor,216.37962719062116,0.0,0.0
42,6,Cheapest Insertion,216.37962719062116,0.0,0.0
42,6,Farthest Insertion,216.37962719062114,0.0,-1.3135113411285112e-14
42,7,Ótimo (Gurobi),248.7497883126661,0.0,0.0
42,7,Nearest Neighbor,248.74978831266614,0.0,1.1425822559768104e-14
42,7,Cheapest Insertion,281.4204740953398,0.0,13.133955210288761
42,7,Farthest Insertion,248.7497883126661,0.0,0.0
42,8,Ótimo (Gurobi),253.27750067749184,0.011859893798828125,0.0
42,8,Nearest Neighbor,253.27750067749187,0.0,1.1221568972521756e-14
42,8,Cheapest Insertion,255.33350168999453,0.0,0.8117582521159972
42,8,Farthest Insertion,253.27750067749184,0.0,0.0
42,9,Ótimo (Gurobi),261.5205277347433,0.010617256164550781,0.0
42,9,Nearest Neighbor,261.5370382125417,0.0,0.006313262649542085
42,9,Cheapest Insertion,297.69969910986964,0.0,13.834161198933627
42,9,Farthest Insertion,261.5205277347433,0.0,0.0
42,10,Ótimo (Gurobi),264.13887564142317,0.013969898223876953,0.0
42,10,Nearest Neighbor,294.6618145190964,0.0,11.555640495384369
42,10,Cheapest Insertion,300.31804701654954,0.0,13.697026341643376
42,10,Farthest Insertion,264.13887564142317,0.0,0.0
42,11,Ótimo (Gurobi),272.14426586814346,0.022072315216064453,0.0
42,11,Nearest Neighbor,305.37193420071617,0.0,12.209578705094536
42,11,Cheapest Insertion,277.4911378258819,0.0,1.964719683026144
42,11,Farthest Insertion,272.14426586814346,0.0,0.0
42,12,Ótimo (Gurobi),272.2487656663167,0.018457651138305664,0.0
42,12,Nearest Neighbor,305.4764339988893,0.0,12.204892187940473
42,12,Cheapest Insertion,277.5956376240551,0.0,1.9639655462356955
42,12,Farthest Insertion,272.24876566631673,0.0,2.087922004777002e-14
42,13,Ótimo (Gurobi),275.5165841731906,0.0196530818939209,0.0
42,13,Nearest Neighbor,342.39997481953486,0.0,24.275631482241785
42,13,Cheapest Insertion,275.51658417319055,0.0,-2.0631577961592344e-14
42,13,Farthest Insertion,275.5165841731906,0.0,0.0
42,14,Ótimo (Gurobi),284.90607160869666,0.014261007308959961,0.0
42,14,Nearest Neighbor,345.1610187378677,0.0,21.14905687651614
42,14,Cheapest Insertion,284.90607160869666,0.0,0.0
42,14,Farthest Insertion,284.9060716086967,0.0,1.995163477557594e-14
42,15,Ótimo (Gurobi),284.9086349261763,0.018248558044433594,0.0
42,15,Nearest Neighbor,330.86123848548476,0.0,16.12889113424568
42,15,Cheapest Insertion,284.90863492617626,0.0,-1.9951455271103633e-14
42,15,Farthest Insertion,284.9086349261763,0.0,0.0
42,16,Ótimo (Gurobi),289.6464243652847,0.02409648895263672,0.0
42,16,Nearest Neighbor,335.5990279245932,0.0,15.865068474436208
42,16,Cheapest Insertion,289.64642436528476,0.0,1.962510636386124e-14
42,16,Farthest Insertion,301.06167258778873,0.0,3.9410975804444273
42,17,Ótimo (Gurobi),340.47952371737654,0.02475738525390625,0.0
42,17,Nearest Neighbor,459.9611271518571,0.0,35.09215536076091
42,17,Cheapest Insertion,340.4795237173766,0.0,1.6695106431126326e-14
42,17,Farthest Insertion,341.3174491495765,0.0,0.24610156377435463
42,18,Ótimo (Gurobi),351.9793420587,0.0942380428314209,0.0
42,18,Nearest Neighbor,460.17461861532144,0.0,30.739098472028388
42,18,Cheapest Insertion,351.9793420587,0.0,0.0
42,18,Farthest Insertion,352.8172674908999,0.0,0.23806096894747297
42,19,Ótimo (Gurobi),352.2999304143762,0.06302857398986816,0.0
42,19,Nearest Neighbor,460.49520697099763,0.0,30.711126292123257
42,19,Cheapest Insertion,352.29993041437626,0.0,1.6134950351522527e-14
42,19,Farthest Insertion,353.9386714542857,0.0,0.465155084754637
42,20,Ótimo (Gurobi),352.31817646185084,0.04072308540344238,0.0
42,20,Nearest Neighbor,460.5134530184722,0.0,30.709535807425702
42,20,Cheapest Insertion,358.1918182680318,0.0,1.6671412940333938
42,20,Farthest Insertion,353.9569175017603,0.0,0.4651309950472866
42,21,Ótimo (Gurobi),353.25527120549503,0.15471839904785156,0.0
42,21,Nearest Neighbor,461.45054776211646,0.0,30.628071362502688
42,21,Cheapest Insertion,359.12891301167605,0.0,1.6627187999593098
42,21,Farthest Insertion,354.89401224540455,0.0,0.46389712298340574
42,22,Ótimo (Gurobi),360.7763179262375,0.08365726470947266,0.0
42,22,Nearest Neighbor,462.41915591300494,0.0,28.17336752340514
42,22,Cheapest Insertion,368.6007814150529,0.0,2.168785227863865
42,22,Farthest Insertion,362.41505896614694,0.0,0.4542263331831306
42,23,Ótimo (Gurobi),360.8688529206007,0.28639912605285645,0.0
42,23,Nearest Neighbor,463.00910214031785,0.0,28.303980349944553
42,23,Cheapest Insertion,373.82218210890954,0.0,3.5894838480723226
42,23,Farthest Insertion,362.50759396051023,0.0,0.45410985920419095
42,24,Ótimo (Gurobi),362.7458914160253,0.6943399906158447,0.0
42,24,Nearest Neighbor,463.0432297601463,0.0,27.64947604302213
42,24,Cheapest Insertion,374.8084691589127,0.0,3.3253519966276084
42,24,Farthest Insertion,364.3846324559348,0.0020155906677246094,0.4517600553689201
42,25,Ótimo (Gurobi),384.32222044978806,0.46011805534362793,0.0
42,25,Nearest Neighbor,485.77348816110856,0.0,26.397450449934414
42,25,Cheapest Insertion,398.77367895818514,0.0,3.7602453720953077
42,25,Farthest Insertion,408.679797967954,0.0,6.337800996689518
42,26,Ótimo (Gurobi),390.70913838543953,0.5165290832519531,0.0
42,26,Nearest Neighbor,481.7048214665917,0.0,23.28987836250294
42,26,Cheapest Insertion,434.11818319837244,0.0,11.110322372370346
42,26,Farthest Insertion,415.0667159036055,0.0,6.2341970343516495
42,27,Ótimo (Gurobi),412.96299215714777,0.4165308475494385,0.0
42,27,Nearest Neighbor,503.9586752382999,0.0,22.034827529176006
42,27,Cheapest Insertion,461.7055775746355,0.0010056495666503906,11.80313644156748
42,27,Farthest Insertion,414.98833729944783,0.0,0.49044228678228613
42,28,Ótimo (Gurobi),416.77312781572795,0.7566275596618652,0.0
42,28,Nearest Neighbor,505.7434657545799,0.0,21.347426693543763
42,28,Cheapest Insertion,463.4903680909156,0.0,11.20927362088546
42,28,Farthest Insertion,426.397922853676,0.0,2.309360751829363
42,29,Ótimo (Gurobi),422.6793669046641,0.748178243637085,0.0
42,29,Nearest Neighbor,495.54363565986296,0.0,17.23866231957177
42,29,Cheapest Insertion,466.1296888628807,0.0,10.279735743054822
42,29,Farthest Insertion,432.3041619426122,0.0,2.277091287524094
42,30,Ótimo (Gurobi),423.45530725402693,0.7326958179473877,0.0
42,30,Nearest Neighbor,505.7937692379999,0.0,19.444427918004322
42,30,Cheapest Insertion,466.18688725278895,0.0,10.091166474181827
42,30,Farthest Insertion,433.0801022919749,0.0,2.2729187409083917
42,31,Ótimo (Gurobi),443.74201689197605,0.5872507095336914,0.0
42,31,Nearest Neighbor,579.4813864339143,0.0,30.589704011505052
42,31,Cheapest Insertion,491.34378776116074,0.01597285270690918,10.727352618666446
42,31,Farthest Insertion,470.34132426609784,0.0,5.994317950873039
42,32,Ótimo (Gurobi),450.91987321588186,0.8638644218444824,0.0
42,32,Nearest Neighbor,543.1494291779569,0.0,20.45364629957645
42,32,Cheapest Insertion,510.01371192482566,0.0,13.105175047508297
42,32,Farthest Insertion,464.0851906944049,0.0,2.9196578506576545
42,33,Ótimo (Gurobi),462.2252428130367,1.1696982383728027,0.0
42,33,Nearest Neighbor,554.7128339134046,0.0,20.009203854272783
42,33,Cheapest Insertion,521.3190815219805,0.001010894775390625,12.784641173923594
42,33,Farthest Insertion,477.36272119054524,0.0020110607147216797,3.274913824563979
42,34,Ótimo (Gurobi),474.65543296517484,4.157619476318359,0.0
42,34,Nearest Neighbor,555.4949399576607,0.0,17.031198081412665
42,34,Cheapest Insertion,542.2288531888717,0.0,14.236310285455982
42,34,Farthest Insertion,498.27249285743665,0.0,4.9756219463719
42,35,Ótimo (Gurobi),480.82839769183295,3.1798322200775146,0.0
42,35,Nearest Neighbor,556.3854597511975,0.0,15.71393503837718
42,35,Cheapest Insertion,544.0510183676566,0.0,13.148686928500345
42,35,Farthest Insertion,504.2372178465816,0.0,4.8684354474736224
42,36,Ótimo (Gurobi),485.3502487565294,5.889852285385132,0.0
42,36,Nearest Neighbor,560.907310815894,0.0,15.567533395304167
42,36,Cheapest Insertion,548.5728694323532,0.0,13.026184871193642
42,36,Farthest Insertion,507.186613641958,0.0,4.499094198751001
42,37,Ótimo (Gurobi),487.7421656362808,6.5711305141448975,0.0
42,37,Nearest Neighbor,566.31368463721,0.0,16.109232405287184
42,37,Cheapest Insertion,553.9792432536692,0.0,13.580346807001868
42,37,Farthest Insertion,507.8716751705999,0.0,4.127080033783683
42,38,Ótimo (Gurobi),488.2756630383084,8.062399864196777,0.0
42,38,Nearest Neighbor,615.3862283029625,0.0,26.032541633081866
42,38,Cheapest Insertion,576.5464792784906,0.0,18.07807001702986
42,38,Farthest Insertion,510.47475468702464,0.0,4.5464259903067505
42,39,Ótimo (Gurobi),493.28496951171905,5.689186096191406,0.0
42,39,Nearest Neighbor,615.4089169358231,0.012040376663208008,24.757281282052663
42,39,Cheapest Insertion,578.58830600826,0.0,17.29291216413485
42,39,Farthest Insertion,510.4974433198852,0.0,3.4893570394419253
42,40,Ótimo (Gurobi),493.3660407953753,5.906407117843628,0.0
42,40,Nearest Neighbor,617.4272343684044,0.0,25.145872093876793
42,40,Cheapest Insertion,578.6693772919162,0.0032227039337158203,17.290070544583898
42,40,Farthest Insertion,510.57851460354146,0.0,3.488783658562567
42,41,Ótimo (Gurobi),497.06162334342434,4.234699249267578,0.0
42,41,Nearest Neighbor,619.1407252773095,0.0,24.56015435525578
42,41,Cheapest Insertion,579.2761679931442,0.0020139217376708984,16.54011108254823
42,41,Farthest Insertion,522.8511281382432,0.0,5.188391858005233
42,42,Ótimo (Gurobi),498.1139455503902,1.9851508140563965,0.0
42,42,Nearest Neighbor,620.6639474918996,0.0,24.602804847412575
42,42,Cheapest Insertion,593.9180483836395,0.0,19.23337093632075
42,42,Farthest Insertion,524.3743503528333,0.0,5.271967395618022
42,43,Ótimo (Gurobi),498.118965092159,1.749776840209961,0.0
42,43,Nearest Neighbor,620.6689670336683,0.0,24.602556925098376
42,43,Cheapest Insertion,593.9230679254081,0.0020067691802978516,19.233177121759255
42,43,Farthest Insertion,529.1563250810874,0.002006053924560547,6.230913127988626
42,44,Ótimo (Gurobi),501.3096256037803,1.7946431636810303,0.0
42,44,Nearest Neighbor,571.0367105754794,0.0,13.908985866313541
42,44,Cheapest Insertion,597.1137284370296,0.0,19.11076467320217
42,44,Farthest Insertion,541.0876989998974,0.0043048858642578125,7.934831362595146
42,45,Nearest Neighbor,574.8110733978718,0.0,nan
42,45,Cheapest Insertion,600.888091259422,0.0,nan
42,45,Farthest Insertion,550.3482327861051,0.0,nan
42,46,Nearest Neighbor,583.5827422564129,0.0,nan
42,46,Cheapest Insertion,616.614103816139,0.0017671585083007812,nan
42,46,Farthest Insertion,559.1199016446461,0.0,nan
42,47,Nearest Neighbor,610.6695819592444,0.0,nan
42,47,Cheapest Insertion,681.1766487192505,0.0021347999572753906,nan
42,47,Farthest Insertion,563.168756546141,0.0,nan
42,48,Nearest Neighbor,619.7674051341882,0.0,nan
42,48,Cheapest Insertion,690.2744718941942,0.0022149085998535156,nan
42,48,Farthest Insertion,572.2665797210849,0.001035451889038086,nan
42,49,Nearest Neighbor,619.7675406075448,0.0,nan
42,49,Cheapest Insertion,650.5134144875096,0.0,nan
42,49,Farthest Insertion,573.3289683022273,0.003477334976196289,nan
42,50,Nearest Neighbor,714.5104758396096,0.007041454315185547,nan
42,50,Cheapest Insertion,668.0381209053011,0.0020062923431396484,nan
42,50,Farthest Insertion,592.095808885342,0.0,nan
42,51,Nearest Neighbor,738.6130073715843,0.0,nan
42,51,Cheapest Insertion,680.9954279224123,0.0023102760314941406,nan
42,51,Farthest Insertion,616.8630813820204,0.00046753883361816406,nan
42,52,Nearest Neighbor,741.3285563928205,0.0,nan
42,52,Cheapest Insertion,751.0543568133165,0.0,nan
42,52,Farthest Insertion,619.5786304032565,0.0,nan
42,53,Nearest Neighbor,747.1203153865598,0.0,nan
42,53,Cheapest Insertion,756.0360786932713,0.0022313594818115234,nan
42,53,Farthest Insertion,623.7737910388781,0.0030412673950195312,nan
42,54,Nearest Neighbor,751.8747961255286,0.0,nan
42,54,Cheapest Insertion,761.7293427556643,0.0,nan
42,54,Farthest Insertion,630.4326288264829,0.006421804428100586,nan
42,55,Nearest Neighbor,751.9304608060976,0.0,nan
42,55,Cheapest Insertion,764.0978525280833,0.0,nan
42,55,Farthest Insertion,630.4882935070517,0.0,nan
42,56,Nearest Neighbor,751.9512665359463,0.0,nan
42,56,Cheapest Insertion,761.6694374335458,0.0,nan
42,56,Farthest Insertion,633.3546208681178,0.005509376525878906,nan
42,57,Nearest Neighbor,756.4635578951488,0.0,nan
42,57,Cheapest Insertion,753.088210982141,0.004792928695678711,nan
42,57,Farthest Insertion,645.8286825312258,0.001974344253540039,nan
42,58,Nearest Neighbor,694.6626433650733,0.0,nan
42,58,Cheapest Insertion,755.3902932549558,0.0,nan
42,58,Farthest Insertion,648.1307648040406,0.00677800178527832,nan
42,59,Nearest Neighbor,728.752205929612,0.0,nan
42,59,Cheapest Insertion,756.0991389679397,0.0034182071685791016,nan
42,59,Farthest Insertion,648.8396105170244,0.0025818347930908203,nan
42,60,Nearest Neighbor,748.9203427831842,0.0,nan
42,60,Cheapest Insertion,730.0312766356631,0.0067043304443359375,nan
42,60,Farthest Insertion,648.9353169506982,0.0021271705627441406,nan
42,61,Nearest Neighbor,710.2831287165224,0.0,nan
42,61,Cheapest Insertion,730.2894313265853,0.003237485885620117,nan
42,61,Farthest Insertion,667.2205661826794,0.0,nan
42,62,Nearest Neighbor,710.9438106033793,0.0,nan
42,62,Cheapest Insertion,742.1992958190885,0.004068613052368164,nan
42,62,Farthest Insertion,667.9913252467773,0.0042912960052490234,nan
42,63,Nearest Neighbor,719.5002831372545,0.0,nan
42,63,Cheapest Insertion,750.7557683529637,0.0,nan
42,63,Farthest Insertion,694.0259976900454,0.006188869476318359,nan
42,64,Nearest Neighbor,729.6925601196693,0.0,nan
42,64,Cheapest Insertion,764.5831337367927,0.005055427551269531,nan
42,64,Farthest Insertion,719.1862020782576,0.003246784210205078,nan
42,65,Nearest Neighbor,729.7230627981343,0.0,nan
42,65,Cheapest Insertion,762.9032499543868,0.004353046417236328,nan
42,65,Farthest Insertion,719.2167047567225,0.00529170036315918,nan
42,66,Nearest Neighbor,730.4764410870047,0.0,nan
42,66,Cheapest Insertion,763.6566282432572,0.0,nan
42,66,Farthest Insertion,719.9700830455929,0.008458375930786133,nan
42,67,Nearest Neighbor,814.0268604690443,0.0,nan
42,67,Cheapest Insertion,778.4190540501069,0.003794431686401367,nan
42,67,Farthest Insertion,734.7325088524428,0.0027456283569335938,nan
42,68,Nearest Neighbor,823.2729388806952,0.0,nan
42,68,Cheapest Insertion,787.6651324617577,0.004686594009399414,nan
42,68,Farthest Insertion,758.4624578064276,0.003464221954345703,nan
42,69,Nearest Neighbor,827.0049484430549,0.0,nan
42,69,Cheapest Insertion,806.9388003737921,0.007774829864501953,nan
42,69,Farthest Insertion,762.1944673687873,0.004594087600708008,nan
42,70,Nearest Neighbor,839.0326150778762,0.0,nan
42,70,Cheapest Insertion,814.7450522387165,0.0,nan
42,70,Farthest Insertion,762.289855024857,0.008016347885131836,nan
42,71,Nearest Neighbor,830.9334716577988,0.0,nan
42,71,Cheapest Insertion,819.1416610131804,0.0017478466033935547,nan
42,71,Farthest Insertion,737.8851790977726,0.005654811859130859,nan
42,72,Nearest Neighbor,874.031389226864,0.0,nan
42,72,Cheapest Insertion,804.3000926552937,0.0050811767578125,nan
42,72,Farthest Insertion,746.1040569273488,0.0027823448181152344,nan
42,73,Nearest Neighbor,874.0405208832718,0.0009169578552246094,nan
42,73,Cheapest Insertion,819.2054537061123,0.0052378177642822266,nan
42,73,Farthest Insertion,755.2504488339669,0.0021245479583740234,nan
42,74,Nearest Neighbor,883.3274372238993,0.0,nan
42,74,Cheapest Insertion,835.5236870224263,0.009771585464477539,nan
42,74,Farthest Insertion,743.0312232113916,0.007277488708496094,nan
42,75,Nearest Neighbor,883.4885061301266,0.0,nan
42,75,Cheapest Insertion,809.2938026809974,0.009575128555297852,nan
42,75,Farthest Insertion,742.6594353051543,0.00466156005859375,nan
42,76,Nearest Neighbor,885.5787180622638,0.0,nan
42,76,Cheapest Insertion,778.5354636254575,0.006994962692260742,nan
42,76,Farthest Insertion,742.8684172687163,0.006790637969970703,nan
42,77,Nearest Neighbor,887.7036354131628,0.0,nan
42,77,Cheapest Insertion,788.9421426302647,0.00852346420288086,nan
42,77,Farthest Insertion,744.9933346196154,0.0,nan
42,78,Nearest Neighbor,895.3820768123161,0.002009153366088867,nan
42,78,Cheapest Insertion,825.3642854057065,0.006173372268676758,nan
42,78,Farthest Insertion,748.6306653350557,0.0014772415161132812,nan
42,79,Nearest Neighbor,895.4274954362478,0.0,nan
42,79,Cheapest Insertion,828.6824887356124,0.009335994720458984,nan
42,79,Farthest Insertion,748.6457340310744,0.00554656982421875,nan
42,80,Nearest Neighbor,896.7979486503891,0.0,nan
42,80,Cheapest Insertion,828.7009281774122,0.008158445358276367,nan
42,80,Farthest Insertion,753.1160275072182,0.007185697555541992,nan
42,81,Nearest Neighbor,897.8971585194166,0.0,nan
42,81,Cheapest Insertion,832.8212694519543,0.0,nan
42,81,Farthest Insertion,759.1296527500976,0.015457868576049805,nan
42,82,Nearest Neighbor,901.3414810004513,0.0,nan
42,82,Cheapest Insertion,836.2092074517585,0.008170127868652344,nan
42,82,Farthest Insertion,760.7496383415569,0.004153251647949219,nan
42,83,Nearest Neighbor,961.0515682430732,0.0,nan
42,83,Cheapest Insertion,836.4613525276827,0.009918689727783203,nan
42,83,Farthest Insertion,761.001783417481,0.0055849552154541016,nan
42,84,Nearest Neighbor,935.5917448949051,0.0,nan
42,84,Cheapest Insertion,865.6496851630243,0.008636951446533203,nan
42,84,Farthest Insertion,768.1413043591131,0.0055544376373291016,nan
42,85,Nearest Neighbor,949.592121173728,0.0,nan
42,85,Cheapest Insertion,867.0575148866429,0.009412765502929688,nan
42,85,Farthest Insertion,763.6868170168751,0.001352548599243164,nan
42,86,Nearest Neighbor,973.3381475160845,0.0015172958374023438,nan
42,86,Cheapest Insertion,884.7491497013561,0.006315946578979492,nan
42,86,Farthest Insertion,768.7073597191596,0.009251594543457031,nan
42,87,Nearest Neighbor,934.2190921684314,0.0,nan
42,87,Cheapest Insertion,886.1894041235516,0.0067408084869384766,nan
42,87,Farthest Insertion,777.8961425879439,0.00644373893737793,nan
42,88,Nearest Neighbor,926.6817866995949,0.0,nan
42,88,Cheapest Insertion,890.2883992409314,0.011611700057983398,nan
42,88,Farthest Insertion,777.9516471418534,0.005049943923950195,nan
42,89,Nearest Neighbor,928.0588305036962,0.0,nan
42,89,Cheapest Insertion,891.1937849025823,0.011434555053710938,nan
42,89,Farthest Insertion,779.3286909459545,0.006808757781982422,nan
42,90,Nearest Neighbor,936.057776953467,0.0,nan
42,90,Cheapest Insertion,897.2453821422883,0.010421514511108398,nan
42,90,Farthest Insertion,787.3276373957254,0.006072998046875,nan
42,91,Nearest Neighbor,936.0581185267681,0.0,nan
42,91,Cheapest Insertion,902.6722342455204,0.012433052062988281,nan
42,91,Farthest Insertion,788.608709160034,0.003616809844970703,nan
42,92,Nearest Neighbor,943.3326413104577,0.0,nan
42,92,Cheapest Insertion,913.9567557405686,0.008530855178833008,nan
42,92,Farthest Insertion,831.6154924353834,0.009915590286254883,nan
42,93,Nearest Neighbor,952.4860586553516,0.0,nan
42,93,Cheapest Insertion,926.8150337278736,0.0101318359375,nan
42,93,Farthest Insertion,831.6548637017136,0.007314443588256836,nan
42,94,Nearest Neighbor,952.4862963349788,0.0,nan
42,94,Cheapest Insertion,928.509412232673,0.008587360382080078,nan
42,94,Farthest Insertion,831.6551013813407,0.008033514022827148,nan
42,95,Nearest Neighbor,1051.3759287662238,0.0,nan
42,95,Cheapest Insertion,918.9616238211588,0.014926433563232422,nan
42,95,Farthest Insertion,835.6664681098483,0.007426738739013672,nan
42,96,Nearest Neighbor,1057.169183983499,0.0,nan
42,96,Cheapest Insertion,914.6844095449638,0.014071226119995117,nan
42,96,Farthest Insertion,841.2038272605474,0.008692026138305664,nan
42,97,Nearest Neighbor,1052.373941148271,0.0,nan
42,97,Cheapest Insertion,915.5785645033114,0.01794600486755371,nan
42,97,Farthest Insertion,841.2050735899139,0.010331153869628906,nan
42,98,Nearest Neighbor,1052.8776579312778,0.0,nan
42,98,Cheapest Insertion,919.1002277388363,0.012478828430175781,nan
42,98,Farthest Insertion,843.844592511679,0.007577657699584961,nan
42,99,Nearest Neighbor,1055.283791184073,0.0,nan
42,99,Cheapest Insertion,915.2165213527804,0.016704797744750977,nan
42,99,Farthest Insertion,852.8220996858994,0.006424427032470703,nan
42,100,Nearest Neighbor,1062.7877981744866,0.0,nan
42,100,Cheapest Insertion,919.53965742657,0.0053021907806396484,nan
42,100,Farthest Insertion,859.1889156424669,0.022363901138305664,nan
42,101,Nearest Neighbor,1065.2095047507032,0.0,nan
42,101,Cheapest Insertion,923.1327268484276,0.013988733291625977,nan
42,101,Farthest Insertion,862.7478132525297,0.011803150177001953,nan
42,102,Nearest Neighbor,1070.363940222411,0.0,nan
42,102,Cheapest Insertion,927.237372831298,0.016092300415039062,nan
42,102,Farthest Insertion,864.0858950762033,0.009835004806518555,nan
42,103,Nearest Neighbor,1072.8221657543622,0.0,nan
42,103,Cheapest Insertion,938.8748059552785,0.013463497161865234,nan
42,103,Farthest Insertion,873.0151884215848,0.013120889663696289,nan
42,104,Nearest Neighbor,1073.9540305961293,0.0,nan
42,104,Cheapest Insertion,941.1917793329454,0.016946792602539062,nan
42,104,Farthest Insertion,873.0211311773843,0.012950658798217773,nan
42,105,Nearest Neighbor,1021.6068764864106,0.0,nan
42,105,Cheapest Insertion,942.7606126201179,0.017060041427612305,nan
42,105,Farthest Insertion,875.760432482866,0.012061119079589844,nan
42,106,Nearest Neighbor,1024.2027164000888,0.0015022754669189453,nan
42,106,Cheapest Insertion,956.523659988216,0.01542806625366211,nan
42,106,Farthest Insertion,888.7646919927089,0.013086557388305664,nan
42,107,Nearest Neighbor,1026.5430261316983,0.0,nan
42,107,Cheapest Insertion,966.2795470072857,0.01581573486328125,nan
42,107,Farthest Insertion,910.4551688458147,0.006730079650878906,nan
42,108,Nearest Neighbor,1033.5129392510673,0.0,nan
42,108,Cheapest Insertion,973.2494601266546,0.0171506404876709,nan
42,108,Farthest Insertion,887.6705602884053,0.014219045639038086,nan
42,109,Nearest Neighbor,1034.041253547408,0.0,nan
42,109,Cheapest Insertion,983.9634069826436,0.01825404167175293,nan
42,109,Farthest Insertion,888.1988745847459,0.012887954711914062,nan
42,110,Nearest Neighbor,1041.8729857351584,0.0,nan
42,110,Cheapest Insertion,1005.0448805360062,0.011072158813476562,nan
42,110,Farthest Insertion,898.5062169303518,0.020807266235351562,nan
42,111,Nearest Neighbor,1043.628984116072,0.0,nan
42,111,Cheapest Insertion,1006.0728730695736,0.021142244338989258,nan
42,111,Farthest Insertion,899.5932525289099,0.007368803024291992,nan
42,112,Nearest Neighbor,1044.6959917620675,0.0,nan
42,112,Cheapest Insertion,1005.9042711170914,0.016538381576538086,nan
42,112,Farthest Insertion,911.1215584265719,0.016967058181762695,nan
42,113,Nearest Neighbor,1073.8741606335188,0.002599954605102539,nan
42,113,Cheapest Insertion,1006.4348307515843,0.011211156845092773,nan
42,113,Farthest Insertion,913.7995587376739,0.01691722869873047,nan
42,114,Nearest Neighbor,1079.134984121708,0.0,nan
42,114,Cheapest Insertion,1017.8067095964149,0.025502443313598633,nan
42,114,Farthest Insertion,919.0603822258631,0.00731205940246582,nan
42,115,Nearest Neighbor,1089.8212162225775,0.0,nan
42,115,Cheapest Insertion,1028.3383833048997,0.016365766525268555,nan
42,115,Farthest Insertion,919.6599980030372,0.01671600341796875,nan
42,116,Nearest Neighbor,1091.182214195947,0.0,nan
42,116,Cheapest Insertion,1029.8740613774112,0.026555299758911133,nan
42,116,Farthest Insertion,923.5541413523703,0.0052721500396728516,nan
42,117,Nearest Neighbor,1117.6342093332028,0.002963542938232422,nan
42,117,Cheapest Insertion,1031.310655615826,0.020876169204711914,nan
42,117,Farthest Insertion,924.1182590531826,0.016306400299072266,nan
42,118,Nearest Neighbor,1119.986955423428,0.0,nan
42,118,Cheapest Insertion,1032.4180472227144,0.026293039321899414,nan
42,118,Farthest Insertion,925.2256506600712,0.01723790168762207,nan
42,119,Nearest Neighbor,1124.0875473002302,0.0,nan
42,119,Cheapest Insertion,1033.589035268176,0.025384902954101562,nan
42,119,Farthest Insertion,928.8696851367758,0.0046617984771728516,nan
42,120,Nearest Neighbor,1126.6487883870584,0.0,nan
42,120,Cheapest Insertion,1037.5986889603907,0.015845060348510742,nan
42,120,Farthest Insertion,931.4309262236042,0.01598072052001953,nan
42,121,Nearest Neighbor,1126.9699898463818,0.0028367042541503906,nan
42,121,Cheapest Insertion,1037.62731928029,0.02149224281311035,nan
42,121,Farthest Insertion,937.4104470206682,0.01710200309753418,nan
42,122,Nearest Neighbor,1129.2882470247387,0.0,nan
42,122,Cheapest Insertion,1033.5253196773606,0.02691507339477539,nan
42,122,Farthest Insertion,939.728704199025,0.009380102157592773,nan
42,123,Nearest Neighbor,1131.0727068164097,0.0,nan
42,123,Cheapest Insertion,1033.8905080145264,0.030924081802368164,nan
42,123,Farthest Insertion,940.0938925361907,0.01704859733581543,nan
42,124,Nearest Neighbor,1170.5704757159135,0.0,nan
42,124,Cheapest Insertion,1060.5893309442663,0.03070998191833496,nan
42,124,Farthest Insertion,940.5280993833313,0.010236978530883789,nan
42,125,Nearest Neighbor,1177.003452631752,0.0,nan
42,125,Cheapest Insertion,1073.795203341803,0.026569604873657227,nan
42,125,Farthest Insertion,941.943241745619,0.0215303897857666,nan
42,126,Nearest Neighbor,1191.0710597655136,0.0,nan
42,126,Cheapest Insertion,1082.203803202439,0.032358646392822266,nan
42,126,Farthest Insertion,951.760288554973,0.010551691055297852,nan
42,127,Nearest Neighbor,1192.183392266946,0.0010187625885009766,nan
42,127,Cheapest Insertion,1084.2991460824983,0.027209043502807617,nan
42,127,Farthest Insertion,952.3249097530875,0.016599655151367188,nan
42,128,Nearest Neighbor,1200.0113833005562,0.0,nan
42,128,Cheapest Insertion,1088.9794147023401,0.023850202560424805,nan
42,128,Farthest Insertion,974.5914248765916,0.016240835189819336,nan
42,129,Nearest Neighbor,1205.7863696168624,0.0,nan
42,129,Cheapest Insertion,1089.6198578970943,0.030150175094604492,nan
42,129,Farthest Insertion,975.2318680713456,0.015482664108276367,nan
42,130,Nearest Neighbor,1205.8275156580269,0.0,nan
42,130,Cheapest Insertion,1084.768491822618,0.03159737586975098,nan
42,130,Farthest Insertion,975.27301411251,0.0217592716217041,nan
42,131,Nearest Neighbor,1208.7308143642854,0.0,nan
42,131,Cheapest Insertion,1090.808491923826,0.02830815315246582,nan
42,131,Farthest Insertion,978.1763128187687,0.02165079116821289,nan
42,132,Nearest Neighbor,1210.6672594550525,0.0,nan
42,132,Cheapest Insertion,1092.744937014593,0.03165268898010254,nan
42,132,Farthest Insertion,981.1269985871841,0.025052547454833984,nan
42,133,Nearest Neighbor,1214.0838693786116,0.0,nan
42,133,Cheapest Insertion,1092.9060891393153,0.03299093246459961,nan
42,133,Farthest Insertion,981.4419829321064,0.018710851669311523,nan
42,134,Nearest Neighbor,1212.3110612104024,0.0,nan
42,134,Cheapest Insertion,1105.3767052013552,0.031604766845703125,nan
42,134,Farthest Insertion,987.969779041013,0.009985685348510742,nan
42,135,Nearest Neighbor,1214.0517569387744,0.0,nan
42,135,Cheapest Insertion,1109.571272429235,0.033338308334350586,nan
42,135,Farthest Insertion,990.7843517826022,0.023021459579467773,nan
42,136,Nearest Neighbor,1220.3389003780637,0.0,nan
42,136,Cheapest Insertion,1115.9979406259806,0.035318613052368164,nan
42,136,Farthest Insertion,998.372867697892,0.023077964782714844,nan
42,137,Nearest Neighbor,1226.9606149490558,0.0,nan
42,137,Cheapest Insertion,1122.619655196973,0.04309391975402832,nan
42,137,Farthest Insertion,999.9899837013362,0.022934675216674805,nan
42,138,Nearest Neighbor,1229.4181005349255,0.0,nan
42,138,Cheapest Insertion,1122.4043570596402,0.04381370544433594,nan
42,138,Farthest Insertion,1001.2638854011494,0.022998809814453125,nan
42,139,Nearest Neighbor,1232.119217646945,0.0,nan
42,139,Cheapest Insertion,1100.043789490566,0.04405689239501953,nan
42,139,Farthest Insertion,1003.9650025131688,0.022711515426635742,nan
42,140,Nearest Neighbor,1180.4742735332613,0.0,nan
42,140,Cheapest Insertion,1108.288200563218,0.04333758354187012,nan
42,140,Farthest Insertion,1006.0937314452542,0.02296137809753418,nan
42,141,Nearest Neighbor,1220.6928204219664,0.0,nan
42,141,Cheapest Insertion,1110.6000612624641,0.040040016174316406,nan
42,141,Farthest Insertion,1006.5324680467123,0.026503324508666992,nan
42,142,Nearest Neighbor,1221.532366229331,0.0,nan
42,142,Cheapest Insertion,1100.2334693501994,0.033530235290527344,nan
42,142,Farthest Insertion,1011.2788653545895,0.03311753273010254,nan
42,143,Nearest Neighbor,1243.3127956045953,0.0,nan
42,143,Cheapest Insertion,1105.864772932225,0.04057931900024414,nan
42,143,Farthest Insertion,1017.0193964174722,0.023329973220825195,nan
42,144,Nearest Neighbor,1178.9211643450951,0.0,nan
42,144,Cheapest Insertion,1109.5685972549857,0.046901702880859375,nan
42,144,Farthest Insertion,1020.5633901217723,0.024465560913085938,nan
42,145,Nearest Neighbor,1178.9273413966218,0.0,nan
42,145,Cheapest Insertion,1123.928674063601,0.043325185775756836,nan
42,145,Farthest Insertion,1020.7051639982233,0.03271913528442383,nan
42,146,Nearest Neighbor,1183.662870051304,0.0,nan
42,146,Cheapest Insertion,1128.664202718283,0.04423260688781738,nan
42,146,Farthest Insertion,1025.4406926529055,0.031441450119018555,nan
42,147,Nearest Neighbor,1183.959739794366,0.0,nan
42,147,Cheapest Insertion,1128.6642308355977,0.04777836799621582,nan
42,147,Farthest Insertion,1025.9954122613346,0.024104595184326172,nan
42,148,Nearest Neighbor,1184.465204639321,0.0,nan
42,148,Cheapest Insertion,1129.1696956805529,0.0491185188293457,nan
42,148,Farthest Insertion,1026.5008771062896,0.030102252960205078,nan
42,149,Nearest Neighbor,1186.47976939457,0.0,nan
42,149,Cheapest Insertion,1132.4318538932357,0.04938173294067383,nan
42,149,Farthest Insertion,1028.5154418615386,0.030590534210205078,nan
42,150,Nearest Neighbor,1190.8621000281148,0.0,nan
42,150,Cheapest Insertion,1134.1114531118326,0.04996609687805176,nan
42,150,Farthest Insertion,1032.8977724950832,0.020322799682617188,nan
42,151,Nearest Neighbor,1183.2004120698864,0.0,nan
42,151,Cheapest Insertion,1145.6250566236417,0.04882526397705078,nan
42,151,Farthest Insertion,1034.8300492190922,0.03002452850341797,nan
42,152,Nearest Neighbor,1185.447263000585,0.0,nan
42,152,Cheapest Insertion,1148.031122568461,0.0492403507232666,nan
42,152,Farthest Insertion,1036.7356141909572,0.03216361999511719,nan
42,153,Nearest Neighbor,1186.3654124497132,0.0,nan
42,153,Cheapest Insertion,1149.7504830224987,0.05024266242980957,nan
42,153,Farthest Insertion,1037.0269744039342,0.03339529037475586,nan
42,154,Nearest Neighbor,1196.9932053208897,0.0,nan
42,154,Cheapest Insertion,1141.0623351253494,0.04540419578552246,nan
42,154,Farthest Insertion,1041.7898508473033,0.033036231994628906,nan
42,155,Nearest Neighbor,1202.8160710848424,0.0,nan
42,155,Cheapest Insertion,1153.9789703874699,0.041465044021606445,nan
42,155,Farthest Insertion,1047.6127166112562,0.029955625534057617,nan
42,156,Nearest Neighbor,1203.278207287362,0.0,nan
42,156,Cheapest Insertion,1152.4179570301144,0.05444812774658203,nan
42,156,Farthest Insertion,1050.696045382335,0.028849363327026367,nan
42,157,Nearest Neighbor,1185.3397573212221,0.0,nan
42,157,Cheapest Insertion,1149.5270834232076,0.05169939994812012,nan
42,157,Farthest Insertion,1051.486161484735,0.03881692886352539,nan
42,158,Nearest Neighbor,1187.9159260478946,0.0,nan
42,158,Cheapest Insertion,1152.1032521498803,0.05125594139099121,nan
42,158,Farthest Insertion,1040.298774277912,0.03333592414855957,nan
42,159,Nearest Neighbor,1194.0831442759609,0.0,nan
42,159,Cheapest Insertion,1155.4485388593405,0.054784297943115234,nan
42,159,Farthest Insertion,1045.5128708710945,0.03222537040710449,nan
42,160,Nearest Neighbor,1195.0854327172276,0.0,nan
42,160,Cheapest Insertion,1157.9049221140936,0.05725216865539551,nan
42,160,Farthest Insertion,1046.515159312361,0.03319692611694336,nan
42,161,Nearest Neighbor,1199.1684271684717,0.0,nan
42,161,Cheapest Insertion,1161.9879165653376,0.06108450889587402,nan
42,161,Farthest Insertion,1049.9066588681396,0.033529043197631836,nan
42,162,Nearest Neighbor,1197.5980893291942,0.0,nan
42,162,Cheapest Insertion,1163.4702688670811,0.06754875183105469,nan
42,162,Farthest Insertion,1060.7589982273798,0.033514976501464844,nan
42,163,Nearest Neighbor,1227.6484814501705,0.0,nan
42,163,Cheapest Insertion,1164.4934093921368,0.06706738471984863,nan
42,163,Farthest Insertion,1061.7821387524355,0.032671451568603516,nan
42,164,Nearest Neighbor,1164.2582682403902,0.0,nan
42,164,Cheapest Insertion,1166.9664729206297,0.08912181854248047,nan
42,164,Farthest Insertion,1066.7226831416172,0.027903318405151367,nan
42,165,Nearest Neighbor,1164.3526678945275,0.014799118041992188,nan
42,165,Cheapest Insertion,1167.8131429530565,0.05760908126831055,nan
42,165,Farthest Insertion,1066.8170827957547,0.043871164321899414,nan
42,166,Nearest Neighbor,1166.3253511880473,0.0,nan
42,166,Cheapest Insertion,1172.6379180055096,0.058611154556274414,nan
42,166,Farthest Insertion,1068.7897660892743,0.03315091133117676,nan
42,167,Nearest Neighbor,1191.0301647260937,0.0,nan
42,167,Cheapest Insertion,1173.4363312188996,0.06724023818969727,nan
42,167,Farthest Insertion,1071.8285587434577,0.03404498100280762,nan
42,168,Nearest Neighbor,1191.2794588830645,0.013131856918334961,nan
42,168,Cheapest Insertion,1169.1475052131245,0.06914782524108887,nan
42,168,Farthest Insertion,1073.6614392192978,0.03394651412963867,nan
42,169,Nearest Neighbor,1251.6496998952025,0.005380868911743164,nan
42,169,Cheapest Insertion,1171.2537550999286,0.06795454025268555,nan
42,169,Farthest Insertion,1078.2797470751009,0.035471200942993164,nan
42,170,Nearest Neighbor,1253.7934907995536,0.0,nan
42,170,Cheapest Insertion,1188.3095241388505,0.06881213188171387,nan
42,170,Farthest Insertion,1083.283080284595,0.04086780548095703,nan
42,171,Nearest Neighbor,1254.2717987003405,0.007785320281982422,nan
42,171,Cheapest Insertion,1192.3179264000628,0.05948185920715332,nan
42,171,Farthest Insertion,1085.0785856651091,0.049469947814941406,nan
42,172,Nearest Neighbor,1255.349429838379,0.0,nan
42,172,Cheapest Insertion,1193.1353321899692,0.07427668571472168,nan
42,172,Farthest Insertion,1086.5089238808696,0.0428004264831543,nan
42,173,Nearest Neighbor,1268.6911731882158,0.0,nan
42,173,Cheapest Insertion,1198.43569414787,0.08165669441223145,nan
42,173,Farthest Insertion,1091.0986327943722,0.03452730178833008,nan
42,174,Nearest Neighbor,1270.277646753976,0.0021750926971435547,nan
42,174,Cheapest Insertion,1202.557512610461,0.07340335845947266,nan
42,174,Farthest Insertion,1097.2874466700416,0.043112754821777344,nan
42,175,Nearest Neighbor,1271.6042978905168,0.0,nan
42,175,Cheapest Insertion,1203.8841637470018,0.08286643028259277,nan
42,175,Farthest Insertion,1098.1254655311327,0.04134249687194824,nan
42,176,Nearest Neighbor,1272.0263779094112,0.0,nan
42,176,Cheapest Insertion,1207.5006078509446,0.07645249366760254,nan
42,176,Farthest Insertion,1093.7493041836767,0.044862985610961914,nan
42,177,Nearest Neighbor,1268.2465039150889,0.0,nan
42,177,Cheapest Insertion,1215.3047752881503,0.08095288276672363,nan
42,177,Farthest Insertion,1093.7874480927505,0.04722404479980469,nan
42,178,Nearest Neighbor,1270.1424782779688,0.006734132766723633,nan
42,178,Cheapest Insertion,1215.3458449777909,0.07538151741027832,nan
42,178,Farthest Insertion,1099.9882074509233,0.049523115158081055,nan
42,179,Nearest Neighbor,1270.3336594420132,0.0,nan
42,179,Cheapest Insertion,1215.442989045359,0.08373832702636719,nan
42,179,Farthest Insertion,1100.5614040266853,0.04980754852294922,nan
42,180,Nearest Neighbor,1270.3404407461378,0.0,nan
42,180,Cheapest Insertion,1215.7709258191933,0.09104156494140625,nan
42,180,Farthest Insertion,1100.56818533081,0.04403829574584961,nan
42,181,Nearest Neighbor,1279.373837167505,0.0,nan
42,181,Cheapest Insertion,1221.2949308790064,0.08039045333862305,nan
42,181,Farthest Insertion,1103.3401325026778,0.053366899490356445,nan
42,182,Nearest Neighbor,1318.3407140046693,0.0,nan
42,182,Cheapest Insertion,1228.382174679415,0.08836770057678223,nan
42,182,Farthest Insertion,1113.2406489023278,0.056095123291015625,nan
42,183,Nearest Neighbor,1319.2062187172442,0.0,nan
42,183,Cheapest Insertion,1230.3475330809185,0.09742617607116699,nan
42,183,Farthest Insertion,1114.1061536149027,0.05229997634887695,nan
42,184,Nearest Neighbor,1322.8207868607285,0.0,nan
42,184,Cheapest Insertion,1236.4985721714436,0.09602880477905273,nan
42,184,Farthest Insertion,1117.720721758387,0.04944109916687012,nan
42,185,Nearest Neighbor,1324.2025434956538,0.0,nan
42,185,Cheapest Insertion,1239.5763698125254,0.0897529125213623,nan
42,185,Farthest Insertion,1119.7910829356156,0.05898094177246094,nan
42,186,Nearest Neighbor,1324.9804347961249,0.0,nan
42,186,Cheapest Insertion,1239.881403566567,0.09416794776916504,nan
42,186,Farthest Insertion,1120.5689742360867,0.041660308837890625,nan
42,187,Nearest Neighbor,1325.4589694942722,0.0,nan
42,187,Cheapest Insertion,1240.3947319170168,0.1001427173614502,nan
42,187,Farthest Insertion,1121.350760850404,0.05116844177246094,nan
42,188,Nearest Neighbor,1337.9398104311426,0.0,nan
42,188,Cheapest Insertion,1241.9967982522219,0.09319853782653809,nan
42,188,Farthest Insertion,1125.7382479785515,0.05946969985961914,nan
42,189,Nearest Neighbor,1309.8935453239749,0.004269599914550781,nan
42,189,Cheapest Insertion,1245.8616544061117,0.0987248420715332,nan
42,189,Farthest Insertion,1125.9214384054887,0.05344748497009277,nan
42,190,Nearest Neighbor,1311.1579023517895,0.0,nan
42,190,Cheapest Insertion,1243.232956990795,0.10020279884338379,nan
42,190,Farthest Insertion,1126.3998524300987,0.05763101577758789,nan
42,191,Nearest Neighbor,1283.5034569567365,0.0031478404998779297,nan
42,191,Cheapest Insertion,1243.7905782603582,0.10272550582885742,nan
42,191,Farthest Insertion,1128.7635614013177,0.08138656616210938,nan
42,192,Nearest Neighbor,1289.824330623738,0.0018770694732666016,nan
42,192,Cheapest Insertion,1253.096765750079,0.13233566284179688,nan
42,192,Farthest Insertion,1137.1994311616158,0.07301926612854004,nan
42,193,Nearest Neighbor,1290.408230347278,0.0,nan
42,193,Cheapest Insertion,1252.124169761412,0.10528039932250977,nan
42,193,Farthest Insertion,1139.4180430836484,0.05983901023864746,nan
42,194,Nearest Neighbor,1313.2347240131755,0.0,nan
42,194,Cheapest Insertion,1255.1724979592466,0.10220456123352051,nan
42,194,Farthest Insertion,1140.4527375760772,0.0586855411529541,nan
42,195,Nearest Neighbor,1313.7268163305118,0.0,nan
42,195,Cheapest Insertion,1263.224012696264,0.09863638877868652,nan
42,195,Farthest Insertion,1141.4519699813604,0.06098318099975586,nan
42,196,Nearest Neighbor,1272.3249624489633,0.013135433197021484,nan
42,196,Cheapest Insertion,1260.824278743462,0.1026155948638916,nan
42,196,Farthest Insertion,1150.2122707048145,0.05767941474914551,nan
42,197,Nearest Neighbor,1315.719884544429,0.0,nan
42,197,Cheapest Insertion,1251.6875623446017,0.1071171760559082,nan
42,197,Farthest Insertion,1158.371226125515,0.06545090675354004,nan
42,198,Nearest Neighbor,1367.9287113924279,0.00825810432434082,nan
42,198,Cheapest Insertion,1256.9541896012258,0.10596776008605957,nan
42,198,Farthest Insertion,1161.140776254873,0.06653761863708496,nan
42,199,Nearest Neighbor,1369.8395530114997,0.0,nan
42,199,Cheapest Insertion,1256.984207561712,0.10571575164794922,nan
42,199,Farthest Insertion,1163.0516178739447,0.06604862213134766,nan
42,200,Nearest Neighbor,1370.9076366329896,0.008009910583496094,nan
42,200,Cheapest Insertion,1297.0049160812925,0.09806942939758301,nan
42,200,Farthest Insertion,1166.0726820195594,0.07288360595703125,nan
42,201,Nearest Neighbor,1352.063875664926,0.0,nan
42,201,Cheapest Insertion,1302.9990512430043,0.10455870628356934,nan
42,201,Farthest Insertion,1166.0791434814623,0.07530093193054199,nan
42,202,Nearest Neighbor,1352.4174329252771,0.0,nan
42,202,Cheapest Insertion,1304.8178100885095,0.11593914031982422,nan
42,202,Farthest Insertion,1166.3373570416593,0.07282233238220215,nan
42,203,Nearest Neighbor,1356.6644425883603,0.0,nan
42,203,Cheapest Insertion,1307.691078785589,0.11397457122802734,nan
42,203,Farthest Insertion,1162.84258501247,0.0654597282409668,nan
42,204,Nearest Neighbor,1356.9399988571802,0.0,nan
42,204,Cheapest Insertion,1308.4678018939771,0.11536574363708496,nan
42,204,Farthest Insertion,1163.11814128129,0.06498837471008301,nan
42,205,Nearest Neighbor,1358.5977353215383,0.0,nan
42,205,Cheapest Insertion,1308.4806150154106,0.11844205856323242,nan
42,205,Farthest Insertion,1166.9565301202226,0.06153750419616699,nan
42,206,Nearest Neighbor,1358.6581321560782,0.0,nan
42,206,Cheapest Insertion,1308.5410118499506,0.13137555122375488,nan
42,206,Farthest Insertion,1162.8373035358702,0.06388330459594727,nan
42,207,Nearest Neighbor,1350.365093406386,0.0,nan
42,207,Cheapest Insertion,1305.6372996818016,0.12223148345947266,nan
42,207,Farthest Insertion,1170.3959487136674,0.07419323921203613,nan
42,208,Nearest Neighbor,1347.0514996836207,0.0004763603210449219,nan
42,208,Cheapest Insertion,1310.6834986181464,0.1152193546295166,nan
42,208,Farthest Insertion,1175.562985946766,0.08210372924804688,nan
42,209,Nearest Neighbor,1350.7779372415544,0.002961397171020508,nan
42,209,Cheapest Insertion,1313.8391191391074,0.1192319393157959,nan
42,209,Farthest Insertion,1175.566983457789,0.08290457725524902,nan
42,210,Nearest Neighbor,1351.2323805286817,0.0010142326354980469,nan
42,210,Cheapest Insertion,1314.4474865015918,0.13101649284362793,nan
42,210,Farthest Insertion,1176.0214267449167,0.06820988655090332,nan
42,211,Nearest Neighbor,1351.3593907797117,0.0,nan
42,211,Cheapest Insertion,1316.3820180561904,0.1230630874633789,nan
42,211,Farthest Insertion,1177.9559582995153,0.09716796875,nan
42,212,Nearest Neighbor,1354.0383027638475,0.0,nan
42,212,Cheapest Insertion,1316.5547023329555,0.12451577186584473,nan
42,212,Farthest Insertion,1175.0267288220093,0.07431602478027344,nan
42,213,Nearest Neighbor,1355.1229901024153,0.0013043880462646484,nan
42,213,Cheapest Insertion,1317.6393896715233,0.13548517227172852,nan
42,213,Farthest Insertion,1183.83558637293,0.07387328147888184,nan
42,214,Nearest Neighbor,1355.4094616534737,0.0009608268737792969,nan
42,214,Cheapest Insertion,1317.7395634512218,0.13625693321228027,nan
42,214,Farthest Insertion,1184.1220579239885,0.08228492736816406,nan
42,215,Nearest Neighbor,1367.3660218512862,0.008612394332885742,nan
42,215,Cheapest Insertion,1329.2385631262698,0.13334941864013672,nan
42,215,Farthest Insertion,1206.2862249006055,0.08028507232666016,nan
42,216,Nearest Neighbor,1368.2572539858609,0.0,nan
42,216,Cheapest Insertion,1329.2775802149347,0.13542938232421875,nan
42,216,Farthest Insertion,1207.1774570351802,0.08057212829589844,nan
42,217,Nearest Neighbor,1368.297624565747,0.0,nan
42,217,Cheapest Insertion,1329.3179507948207,0.14479279518127441,nan
42,217,Farthest Insertion,1207.2178276150664,0.07990097999572754,nan
42,218,Nearest Neighbor,1368.5020997142913,0.0,nan
42,218,Cheapest Insertion,1334.3656486000154,0.13613057136535645,nan
42,218,Farthest Insertion,1207.422302763611,0.08888483047485352,nan
42,219,Nearest Neighbor,1325.2195196111304,0.0,nan
42,219,Cheapest Insertion,1334.3775659375779,0.15058350563049316,nan
42,219,Farthest Insertion,1207.434220101173,0.0752863883972168,nan
42,220,Nearest Neighbor,1360.266032960848,0.0,nan
42,220,Cheapest Insertion,1334.6295991256404,0.13305974006652832,nan
42,220,Farthest Insertion,1209.2362833293612,0.09731650352478027,nan
42,221,Nearest Neighbor,1363.6943878050747,0.0,nan
42,221,Cheapest Insertion,1338.0579539698672,0.15143227577209473,nan
42,221,Farthest Insertion,1204.334281558369,0.07808566093444824,nan
42,222,Nearest Neighbor,1366.4324510000336,0.0,nan
42,222,Cheapest Insertion,1341.387364522808,0.15531492233276367,nan
42,222,Farthest Insertion,1204.383220659877,0.08399677276611328,nan
42,223,Nearest Neighbor,1335.43107302302,0.0012404918670654297,nan
42,223,Cheapest Insertion,1341.3883476627248,0.15624737739562988,nan
42,223,Farthest Insertion,1205.1329474322936,0.08520317077636719,nan
42,224,Nearest Neighbor,1339.4257517323017,0.0015530586242675781,nan
42,224,Cheapest Insertion,1341.5720788793403,0.1571662425994873,nan
42,224,Farthest Insertion,1208.2390498897678,0.09557628631591797,nan
42,225,Nearest Neighbor,1340.744253870641,0.0,nan
42,225,Cheapest Insertion,1358.2100383185123,0.15611577033996582,nan
42,225,Farthest Insertion,1209.5575520281066,0.09807300567626953,nan
42,226,Nearest Neighbor,1374.3390582697825,0.0,nan
42,226,Cheapest Insertion,1359.2952365815966,0.16782450675964355,nan
42,226,Farthest Insertion,1214.0781947691983,0.08870387077331543,nan
42,227,Nearest Neighbor,1374.6419574534673,0.0012774467468261719,nan
42,227,Cheapest Insertion,1365.3309770729622,0.16904425621032715,nan
42,227,Farthest Insertion,1214.3810939528828,0.09799051284790039,nan
42,228,Nearest Neighbor,1355.061498114499,0.001584768295288086,nan
42,228,Cheapest Insertion,1363.7533804858986,0.16939759254455566,nan
42,228,Farthest Insertion,1214.9537732610218,0.09026813507080078,nan
42,229,Nearest Neighbor,1359.8503946024819,0.00856637954711914,nan
42,229,Cheapest Insertion,1364.6755990153663,0.17871975898742676,nan
42,229,Farthest Insertion,1216.5134179856593,0.1077425479888916,nan
42,230,Nearest Neighbor,1361.1158797519063,0.0076334476470947266,nan
42,230,Cheapest Insertion,1352.7956051989133,0.20193815231323242,nan
42,230,Farthest Insertion,1217.1928897403684,0.11328625679016113,nan
42,231,Nearest Neighbor,1372.5510649880885,0.002110004425048828,nan
42,231,Cheapest Insertion,1350.9178419042312,0.20990324020385742,nan
42,231,Farthest Insertion,1217.2786997522974,0.10982704162597656,nan
42,232,Nearest Neighbor,1379.2635231358483,0.003608226776123047,nan
42,232,Cheapest Insertion,1357.9330408374142,0.23014283180236816,nan
42,232,Farthest Insertion,1220.682600890205,0.10773992538452148,nan
42,233,Nearest Neighbor,1380.8567526476734,0.002176046371459961,nan
42,233,Cheapest Insertion,1359.6062353636805,0.1976487636566162,nan
42,233,Farthest Insertion,1232.2326837991516,0.11376285552978516,nan
42,234,Nearest Neighbor,1381.901653317542,0.014285564422607422,nan
42,234,Cheapest Insertion,1360.737702112585,0.21841859817504883,nan
42,234,Farthest Insertion,1233.3641505480566,0.1234276294708252,nan
42,235,Nearest Neighbor,1382.2148116301762,0.0,nan
42,235,Cheapest Insertion,1361.434540423926,0.21459722518920898,nan
42,235,Farthest Insertion,1228.5728872089337,0.1153109073638916,nan
42,236,Nearest Neighbor,1408.9279417712735,0.012681961059570312,nan
42,236,Cheapest Insertion,1361.554348697867,0.20361709594726562,nan
42,236,Farthest Insertion,1234.2796403317664,0.11255216598510742,nan
42,237,Nearest Neighbor,1409.3850506330305,0.01077413558959961,nan
42,237,Cheapest Insertion,1362.4580568100528,0.19434428215026855,nan
42,237,Farthest Insertion,1235.6805576624236,0.12072372436523438,nan
42,238,Nearest Neighbor,1366.3248255385129,0.015705108642578125,nan
42,238,Cheapest Insertion,1363.4586558172532,0.1954514980316162,nan
42,238,Farthest Insertion,1235.680841126092,0.12023138999938965,nan
42,239,Nearest Neighbor,1367.633717230992,0.004588127136230469,nan
42,239,Cheapest Insertion,1363.5691505651375,0.20081567764282227,nan
42,239,Farthest Insertion,1236.9897328185714,0.12105536460876465,nan
42,240,Nearest Neighbor,1367.647243327753,0.005751609802246094,nan
42,240,Cheapest Insertion,1355.4156230310805,0.19864869117736816,nan
42,240,Farthest Insertion,1232.7280856511754,0.13019037246704102,nan
42,241,Nearest Neighbor,1376.9508944609534,0.0046617984771728516,nan
42,241,Cheapest Insertion,1358.0149490220595,0.2138056755065918,nan
42,241,Farthest Insertion,1239.4997306820826,0.10628247261047363,nan
42,242,Nearest Neighbor,1383.6909716492846,0.0,nan
42,242,Cheapest Insertion,1364.7275656621243,0.2190532684326172,nan
42,242,Farthest Insertion,1254.4016002236447,0.12170076370239258,nan
42,243,Nearest Neighbor,1385.5493007576868,0.014766216278076172,nan
42,243,Cheapest Insertion,1368.8863913993935,0.22161436080932617,nan
42,243,Farthest Insertion,1256.259929332047,0.11351299285888672,nan
42,244,Nearest Neighbor,1341.2871730614143,0.0,nan
42,244,Cheapest Insertion,1379.6379949401364,0.21702003479003906,nan
42,244,Farthest Insertion,1263.815094966238,0.13053393363952637,nan
42,245,Nearest Neighbor,1375.9350129410977,0.0,nan
42,245,Cheapest Insertion,1381.8709381883975,0.22157025337219238,nan
42,245,Farthest Insertion,1271.7362931418543,0.12077784538269043,nan
42,246,Nearest Neighbor,1376.6968613527454,0.0028154850006103516,nan
42,246,Cheapest Insertion,1383.483654709395,0.22771739959716797,nan
42,246,Farthest Insertion,1272.4981415535021,0.14268922805786133,nan
42,247,Nearest Neighbor,1378.096796279849,0.0015494823455810547,nan
42,247,Cheapest Insertion,1386.6392021959912,0.24194741249084473,nan
42,247,Farthest Insertion,1273.1834852531224,0.12573766708374023,nan
42,248,Nearest Neighbor,1380.3336472771548,0.0027964115142822266,nan
42,248,Cheapest Insertion,1394.8031443223747,0.23939156532287598,nan
42,248,Farthest Insertion,1284.7585418872636,0.12501072883605957,nan
42,249,Nearest Neighbor,1392.2545112795262,0.001528024673461914,nan
42,249,Cheapest Insertion,1395.9468378586055,0.23646116256713867,nan
42,249,Farthest Insertion,1288.7422694345023,0.1407761573791504,nan
42,250,Nearest Neighbor,1397.3316546355215,0.002232789993286133,nan
42,250,Cheapest Insertion,1410.8767100584566,0.2489938735961914,nan
42,250,Farthest Insertion,1296.538585676326,0.13036656379699707,nan
42,251,Nearest Neighbor,1400.5126857937298,0.0009450912475585938,nan
42,251,Cheapest Insertion,1410.9568099857902,0.23796796798706055,nan
42,251,Farthest Insertion,1299.719616834534,0.1365978717803955,nan
42,252,Nearest Neighbor,1403.2071598893156,0.00203704833984375,nan
42,252,Cheapest Insertion,1414.4392215558769,0.23978948593139648,nan
42,252,Farthest Insertion,1297.8555872094066,0.13974928855895996,nan
42,253,Nearest Neighbor,1480.7555669117082,0.0008685588836669922,nan
42,253,Cheapest Insertion,1418.2606914570329,0.2556650638580322,nan
42,253,Farthest Insertion,1297.8329569572488,0.1242225170135498,nan
42,254,Nearest Neighbor,1497.0101841197525,0.002056121826171875,nan
42,254,Cheapest Insertion,1419.497139956057,0.2509276866912842,nan
42,254,Farthest Insertion,1300.7550413120966,0.12971138954162598,nan
42,255,Nearest Neighbor,1497.2442744136777,0.005106210708618164,nan
42,255,Cheapest Insertion,1421.3507441881136,0.25618624687194824,nan
42,255,Farthest Insertion,1302.3953136339528,0.13879108428955078,nan
42,256,Nearest Neighbor,1503.3184279534685,0.0021719932556152344,nan
42,256,Cheapest Insertion,1423.791274756097,0.2596414089202881,nan
42,256,Farthest Insertion,1304.835844201936,0.14215421676635742,nan
42,257,Nearest Neighbor,1503.3571352819467,0.0034584999084472656,nan
42,257,Cheapest Insertion,1419.0007564513023,0.2556028366088867,nan
42,257,Farthest Insertion,1298.56077029851,0.1499333381652832,nan
42,258,Nearest Neighbor,1504.6847164673736,0.0020041465759277344,nan
42,258,Cheapest Insertion,1420.328337636729,0.2653217315673828,nan
42,258,Farthest Insertion,1303.2365850536905,0.1432485580444336,nan
42,259,Nearest Neighbor,1505.4820055389112,0.002941131591796875,nan
42,259,Cheapest Insertion,1427.113417175214,0.26148509979248047,nan
42,259,Farthest Insertion,1303.4786008583676,0.15077805519104004,nan
42,260,Nearest Neighbor,1457.8587544408097,0.0012297630310058594,nan
42,260,Cheapest Insertion,1432.5300192213035,0.27312660217285156,nan
42,260,Farthest Insertion,1308.8639419309843,0.14977359771728516,nan
42,261,Nearest Neighbor,1464.3200043691618,0.002127408981323242,nan
42,261,Cheapest Insertion,1438.991269149656,0.2720608711242676,nan
42,261,Farthest Insertion,1315.3251918593369,0.1360936164855957,nan
42,262,Nearest Neighbor,1482.2431921739794,0.0013082027435302734,nan
42,262,Cheapest Insertion,1454.324638210421,0.27860379219055176,nan
42,262,Farthest Insertion,1336.5123167627812,0.1513676643371582,nan
42,263,Nearest Neighbor,1483.0856076484297,0.0034897327423095703,nan
42,263,Cheapest Insertion,1456.9317226071237,0.28185224533081055,nan
42,263,Farthest Insertion,1338.5799612403239,0.15212464332580566,nan
42,264,Nearest Neighbor,1483.3953422600466,0.0038917064666748047,nan
42,264,Cheapest Insertion,1453.999319811694,0.28708958625793457,nan
42,264,Farthest Insertion,1338.8896958519408,0.1636488437652588,nan
42,265,Nearest Neighbor,1471.8917265598373,0.0025374889373779297,nan
42,265,Cheapest Insertion,1459.2411289754014,0.2874767780303955,nan
42,265,Farthest Insertion,1337.978558974597,0.15566492080688477,nan
42,266,Nearest Neighbor,1458.900710686617,0.0012857913970947266,nan
42,266,Cheapest Insertion,1473.6802251669249,0.3254520893096924,nan
42,266,Farthest Insertion,1338.0806390508214,0.1652834415435791,nan
42,267,Nearest Neighbor,1448.7667606566247,0.001695394515991211,nan
42,267,Cheapest Insertion,1489.9037664551095,0.31902027130126953,nan
42,267,Farthest Insertion,1340.8783857925714,0.17421221733093262,nan
42,268,Nearest Neighbor,1447.6841512572114,0.0007526874542236328,nan
42,268,Cheapest Insertion,1489.9533847622677,0.29914355278015137,nan
42,268,Farthest Insertion,1348.209499789276,0.1705935001373291,nan
42,269,Nearest Neighbor,1513.5851844964548,0.003909111022949219,nan
42,269,Cheapest Insertion,1490.7064396754154,0.2993161678314209,nan
42,269,Farthest Insertion,1357.3301526283474,0.1711714267730713,nan
42,270,Nearest Neighbor,1513.626658624148,0.0020935535430908203,nan
42,270,Cheapest Insertion,1493.4452783271495,0.3058607578277588,nan
42,270,Farthest Insertion,1357.3716267560405,0.1696329116821289,nan
42,271,Nearest Neighbor,1520.153353704622,0.0013248920440673828,nan
42,271,Cheapest Insertion,1499.1793464748837,0.2993662357330322,nan
42,271,Farthest Insertion,1358.2684473640186,0.16195440292358398,nan
42,272,Nearest Neighbor,1520.947789570333,0.0012145042419433594,nan
42,272,Cheapest Insertion,1501.2252028591913,0.31279850006103516,nan
42,272,Farthest Insertion,1368.8188253894514,0.17759943008422852,nan
42,273,Nearest Neighbor,1521.9326704720345,0.001271963119506836,nan
42,273,Cheapest Insertion,1503.6236318813794,0.3194890022277832,nan
42,273,Farthest Insertion,1373.283984222886,0.159942626953125,nan
42,274,Nearest Neighbor,1545.9268131101912,0.0035851001739501953,nan
42,274,Cheapest Insertion,1510.0775023197957,0.3231666088104248,nan
42,274,Farthest Insertion,1380.7640129891622,0.16770243644714355,nan
42,275,Nearest Neighbor,1545.9300774750614,0.0017628669738769531,nan
42,275,Cheapest Insertion,1514.1309830891073,0.32025909423828125,nan
42,275,Farthest Insertion,1380.7672773540323,0.17105841636657715,nan
42,276,Nearest Neighbor,1546.2216704101302,0.0010519027709960938,nan
42,276,Cheapest Insertion,1529.4349796736217,0.32590270042419434,nan
42,276,Farthest Insertion,1381.0588702891014,0.18013858795166016,nan
42,277,Nearest Neighbor,1547.2012309606457,0.0020062923431396484,nan
42,277,Cheapest Insertion,1530.4145402241372,0.3340418338775635,nan
42,277,Farthest Insertion,1383.6508284045867,0.17988109588623047,nan
42,278,Nearest Neighbor,1547.4436578877026,0.005455493927001953,nan
42,278,Cheapest Insertion,1530.656967151194,0.3375377655029297,nan
42,278,Farthest Insertion,1383.982635139761,0.17894649505615234,nan
42,279,Nearest Neighbor,1552.13761709914,0.002007007598876953,nan
42,279,Cheapest Insertion,1531.3997592408548,0.3605954647064209,nan
42,279,Farthest Insertion,1387.9814571389363,0.1933422088623047,nan
42,280,Nearest Neighbor,1481.6752865291985,0.0021207332611083984,nan
42,280,Cheapest Insertion,1532.319282879302,0.3436620235443115,nan
42,280,Farthest Insertion,1367.6593121454246,0.19181060791015625,nan
42,281,Nearest Neighbor,1481.7328155765495,0.007886409759521484,nan
42,281,Cheapest Insertion,1522.4510561865102,0.34339427947998047,nan
42,281,Farthest Insertion,1337.5006562667754,0.2003345489501953,nan
42,282,Nearest Neighbor,1492.482377989654,0.0036284923553466797,nan
42,282,Cheapest Insertion,1526.1094018078174,0.37453746795654297,nan
42,282,Farthest Insertion,1396.3003801532122,0.1900641918182373,nan
42,283,Nearest Neighbor,1505.686749034129,0.002004861831665039,nan
42,283,Cheapest Insertion,1525.9393763367766,0.35906410217285156,nan
42,283,Farthest Insertion,1396.6759114855652,0.18899798393249512,nan
42,284,Nearest Neighbor,1506.1487069515547,0.004008293151855469,nan
42,284,Cheapest Insertion,1526.3504383729598,0.3602573871612549,nan
42,284,Farthest Insertion,1397.0869735217484,0.1921977996826172,nan
42,285,Nearest Neighbor,1544.8780082633134,0.0035865306854248047,nan
42,285,Cheapest Insertion,1535.0686707093869,0.3638288974761963,nan
42,285,Farthest Insertion,1401.53142147075,0.1918187141418457,nan
42,286,Nearest Neighbor,1650.561313503949,0.0024917125701904297,nan
42,286,Cheapest Insertion,1525.0049670403364,0.3650689125061035,nan
42,286,Farthest Insertion,1419.2884586165967,0.24299883842468262,nan
42,287,Nearest Neighbor,1543.4974535106696,0.013519048690795898,nan
42,287,Cheapest Insertion,1534.606203338286,0.4083545207977295,nan
42,287,Farthest Insertion,1419.560656089755,0.20193791389465332,nan
42,288,Nearest Neighbor,1545.4246585901449,0.0023627281188964844,nan
42,288,Cheapest Insertion,1535.4591853798324,0.3750479221343994,nan
42,288,Farthest Insertion,1421.4878611692297,0.19061756134033203,nan
42,289,Nearest Neighbor,1610.7365905343045,0.0007510185241699219,nan
42,289,Cheapest Insertion,1543.8419820926001,0.37444400787353516,nan
42,289,Farthest Insertion,1409.8639223988014,0.19832110404968262,nan
42,290,Nearest Neighbor,1613.0680041543792,0.015756607055664062,nan
42,290,Cheapest Insertion,1548.764308660648,0.372408390045166,nan
42,290,Farthest Insertion,1408.9792269034713,0.21843695640563965,nan
42,291,Nearest Neighbor,1602.6099113259124,0.004149436950683594,nan
42,291,Cheapest Insertion,1554.3364902736976,0.4307272434234619,nan
42,291,Farthest Insertion,1410.1424638063522,0.22986984252929688,nan
42,292,Nearest Neighbor,1603.0020301485567,0.005423545837402344,nan
42,292,Cheapest Insertion,1557.0712035613813,0.5789737701416016,nan
42,292,Farthest Insertion,1410.9033135455509,0.28772926330566406,nan
42,293,Nearest Neighbor,1603.6918843248332,0.004233121871948242,nan
42,293,Cheapest Insertion,1557.5564113745254,0.44597792625427246,nan
42,293,Farthest Insertion,1410.9810453184343,0.22925758361816406,nan
42,294,Nearest Neighbor,1607.8702099650645,0.00200653076171875,nan
42,294,Cheapest Insertion,1554.1329936867955,0.4377281665802002,nan
42,294,Farthest Insertion,1416.8703589166623,0.2393662929534912,nan
42,295,Nearest Neighbor,1608.2087405148488,0.0065746307373046875,nan
42,295,Cheapest Insertion,1553.2386206466701,0.4270622730255127,nan
42,295,Farthest Insertion,1417.2088894664466,0.2374558448791504,nan
42,296,Nearest Neighbor,1608.2101449424235,0.004922628402709961,nan
42,296,Cheapest Insertion,1555.1554275363035,0.4306983947753906,nan
42,296,Farthest Insertion,1417.6824940221998,0.2577087879180908,nan
42,297,Nearest Neighbor,1608.8252541095862,0.0010640621185302734,nan
42,297,Cheapest Insertion,1557.4069330406994,0.5481243133544922,nan
42,297,Farthest Insertion,1419.4295567156016,0.24083304405212402,nan
42,298,Nearest Neighbor,1610.5394942776354,0.0012013912200927734,nan
42,298,Cheapest Insertion,1557.8660526430806,0.48309826850891113,nan
42,298,Farthest Insertion,1421.1437968836506,0.25201964378356934,nan
42,299,Nearest Neighbor,1612.5571823589444,0.012976646423339844,nan
42,299,Cheapest Insertion,1564.6308234935718,0.4445610046386719,nan
42,299,Farthest Insertion,1423.1614849649595,0.2382802963256836,nan
42,300,Nearest Neighbor,1617.2197434336651,0.004041433334350586,nan
42,300,Cheapest Insertion,1566.2209397052347,0.4492766857147217,nan
42,300,Farthest Insertion,1412.072067351942,0.2643296718597412,nan
42,301,Nearest Neighbor,1588.7274266197262,0.004503726959228516,nan
42,301,Cheapest Insertion,1565.4597165998484,0.46927714347839355,nan
42,301,Farthest Insertion,1418.4539820616142,0.2408466339111328,nan
42,302,Nearest Neighbor,1591.2510458054514,0.003557920455932617,nan
42,302,Cheapest Insertion,1564.8703474768436,0.46361351013183594,nan
42,302,Farthest Insertion,1419.0704257114176,0.26044583320617676,nan
42,303,Nearest Neighbor,1591.837977795805,0.0045888423919677734,nan
42,303,Cheapest Insertion,1565.4572794671967,0.47509050369262695,nan
42,303,Farthest Insertion,1421.9349649495332,0.2528104782104492,nan
42,304,Nearest Neighbor,1595.039206251972,0.0051000118255615234,nan
42,304,Cheapest Insertion,1567.193521583215,0.5572681427001953,nan
42,304,Farthest Insertion,1423.1530794825892,0.28188276290893555,nan
42,305,Nearest Neighbor,1596.8570188396682,0.0024805068969726562,nan
42,305,Cheapest Insertion,1567.890988565705,0.4878091812133789,nan
42,305,Farthest Insertion,1423.2051910246942,0.2600715160369873,nan
42,306,Nearest Neighbor,1598.695326979592,0.005789279937744141,nan
42,306,Cheapest Insertion,1568.6556673983403,0.5351974964141846,nan
42,306,Farthest Insertion,1424.6609810801071,0.37434864044189453,nan
42,307,Nearest Neighbor,1600.3416443803674,0.009506702423095703,nan
42,307,Cheapest Insertion,1570.3019847991154,0.6535601615905762,nan
42,307,Farthest Insertion,1426.3072984808823,0.3299689292907715,nan
42,308,Nearest Neighbor,1614.7702675953658,0.004461050033569336,nan
42,308,Cheapest Insertion,1546.8020137003864,0.5777435302734375,nan
42,308,Farthest Insertion,1432.6676338579994,0.3302168846130371,nan
42,309,Nearest Neighbor,1666.7620777106285,0.006479501724243164,nan
42,309,Cheapest Insertion,1549.7721442651703,0.5967888832092285,nan
42,309,Farthest Insertion,1434.752409644714,0.38260698318481445,nan
42,310,Nearest Neighbor,1666.764032495276,0.0021207332611083984,nan
42,310,Cheapest Insertion,1550.8100030473202,0.8236446380615234,nan
42,310,Farthest Insertion,1435.6658801233348,0.4416236877441406,nan
42,311,Nearest Neighbor,1667.9516182009993,0.009159564971923828,nan
42,311,Cheapest Insertion,1551.9975887530436,0.7109353542327881,nan
42,311,Farthest Insertion,1436.2912532303162,0.3501622676849365,nan
42,312,Nearest Neighbor,1668.3510384866556,0.005567312240600586,nan
42,312,Cheapest Insertion,1569.0213493767235,0.6263918876647949,nan
42,312,Farthest Insertion,1442.0025621413401,0.32906627655029297,nan
42,313,Nearest Neighbor,1668.3542598857277,0.005785703659057617,nan
42,313,Cheapest Insertion,1569.2040719736551,0.7350413799285889,nan
42,313,Farthest Insertion,1445.377733083735,0.3483877182006836,nan
42,314,Nearest Neighbor,1656.9413555508386,0.004144906997680664,nan
42,314,Cheapest Insertion,1573.3367063020423,0.6714718341827393,nan
42,314,Farthest Insertion,1450.3542470762554,0.3240642547607422,nan
42,315,Nearest Neighbor,1659.277939010738,0.004399538040161133,nan
42,315,Cheapest Insertion,1575.618352620286,0.7687230110168457,nan
42,315,Farthest Insertion,1455.3850994422528,0.36015748977661133,nan
42,316,Nearest Neighbor,1662.9098719032331,0.004011631011962891,nan
42,316,Cheapest Insertion,1575.6672897761043,0.6838839054107666,nan
42,316,Farthest Insertion,1456.9740018257867,0.318023681640625,nan
42,317,Nearest Neighbor,1663.4050412509018,0.006032466888427734,nan
42,317,Cheapest Insertion,1575.6944426324333,0.7347354888916016,nan
42,317,Farthest Insertion,1457.0338290779757,0.363494873046875,nan
42,318,Nearest Neighbor,1664.0423851809073,0.0,nan
42,318,Cheapest Insertion,1575.851469290823,0.6449706554412842,nan
42,318,Farthest Insertion,1454.0435140071045,0.3422505855560303,nan
42,319,Nearest Neighbor,1664.3861776100548,0.0026712417602539062,nan
42,319,Cheapest Insertion,1580.1917186393111,0.570685625076294,nan
42,319,Farthest Insertion,1454.387306436252,0.32961440086364746,nan
42,320,Nearest Neighbor,1679.9086273292535,0.006878376007080078,nan
42,320,Cheapest Insertion,1602.48115580578,0.6358339786529541,nan
42,320,Farthest Insertion,1454.997244205631,0.34362077713012695,nan
42,321,Nearest Neighbor,1704.2795280311298,0.009468317031860352,nan
42,321,Cheapest Insertion,1602.4963633904845,0.6151645183563232,nan
42,321,Farthest Insertion,1461.9598686557033,0.31941652297973633,nan
42,322,Nearest Neighbor,1710.9385114269105,0.0037546157836914062,nan
42,322,Cheapest Insertion,1607.9415921715247,0.6392636299133301,nan
42,322,Farthest Insertion,1467.4050974367435,0.3349263668060303,nan
42,323,Nearest Neighbor,1714.0405018880404,0.0046308040618896484,nan
42,323,Cheapest Insertion,1611.423972297055,0.6763057708740234,nan
42,323,Farthest Insertion,1478.7491248973768,0.34914445877075195,nan
42,324,Nearest Neighbor,1714.131005894261,0.0054187774658203125,nan
42,324,Cheapest Insertion,1620.230653998896,0.6892485618591309,nan
42,324,Farthest Insertion,1479.572296716432,0.4244043827056885,nan
42,325,Nearest Neighbor,1715.1300134621026,0.004011869430541992,nan
42,325,Cheapest Insertion,1618.4070081439897,1.0322699546813965,nan
42,325,Farthest Insertion,1479.943516139562,0.5727965831756592,nan
42,326,Nearest Neighbor,1719.7062158053639,0.008520841598510742,nan
42,326,Cheapest Insertion,1619.6601987570036,0.7450864315032959,nan
42,326,Farthest Insertion,1484.5197184828232,0.5011467933654785,nan
42,327,Nearest Neighbor,1692.1089114358108,0.012615680694580078,nan
42,327,Cheapest Insertion,1622.144548306922,0.8453595638275146,nan
42,327,Farthest Insertion,1484.3245359975308,0.4460330009460449,nan
42,328,Nearest Neighbor,1692.1421395043083,0.011034011840820312,nan
42,328,Cheapest Insertion,1627.0237134629124,0.7493274211883545,nan
42,328,Farthest Insertion,1489.1804409175859,0.30602025985717773,nan
42,329,Nearest Neighbor,1692.1721445824667,0.004045248031616211,nan
42,329,Cheapest Insertion,1627.0537185410708,0.6265461444854736,nan
42,329,Farthest Insertion,1489.471544583965,0.333235502243042,nan
42,330,Nearest Neighbor,1690.1043925164633,0.017934322357177734,nan
42,330,Cheapest Insertion,1628.0672259666073,0.6197776794433594,nan
42,330,Farthest Insertion,1490.226501504735,0.3259246349334717,nan
42,331,Nearest Neighbor,1693.7683778431503,0.006017923355102539,nan
42,331,Cheapest Insertion,1631.7312112932943,0.6140100955963135,nan
42,331,Farthest Insertion,1495.497443686807,0.33109617233276367,nan
42,332,Nearest Neighbor,1694.319464270415,0.0008988380432128906,nan
42,332,Cheapest Insertion,1632.2822977205592,0.6291930675506592,nan
42,332,Farthest Insertion,1496.0485301140718,0.3422281742095947,nan
42,333,Nearest Neighbor,1707.5782578804453,0.005090951919555664,nan
42,333,Cheapest Insertion,1644.9241936467345,0.6273765563964844,nan
42,333,Farthest Insertion,1500.4720858230562,0.31442832946777344,nan
42,334,Nearest Neighbor,1707.7623404700232,0.005114078521728516,nan
42,334,Cheapest Insertion,1645.7483321562781,0.6855905055999756,nan
42,334,Farthest Insertion,1501.3306187324038,0.36626648902893066,nan
42,335,Nearest Neighbor,1708.2032008978729,0.007609844207763672,nan
42,335,Cheapest Insertion,1647.7465559795537,0.7168803215026855,nan
42,335,Farthest Insertion,1501.7714791602534,0.37828516960144043,nan
42,336,Nearest Neighbor,1708.2221738766627,0.003751516342163086,nan
42,336,Cheapest Insertion,1638.9454063654614,0.7972230911254883,nan
42,336,Farthest Insertion,1501.9828484756742,0.3680264949798584,nan
42,337,Nearest Neighbor,1705.4824907533618,0.004971742630004883,nan
42,337,Cheapest Insertion,1639.1960708467209,0.7210848331451416,nan
42,337,Farthest Insertion,1503.9650157779204,0.4241149425506592,nan
42,338,Nearest Neighbor,1809.1865516294185,0.007452964782714844,nan
42,338,Cheapest Insertion,1639.1996755438613,0.7845211029052734,nan
42,338,Farthest Insertion,1504.0418361831373,0.390425443649292,nan
42,339,Nearest Neighbor,1800.3288129480318,0.013957023620605469,nan
42,339,Cheapest Insertion,1641.3536853272103,0.7108995914459229,nan
42,339,Farthest Insertion,1506.1321101388514,0.362560510635376,nan
42,340,Nearest Neighbor,1802.4146894936405,0.014641523361206055,nan
42,340,Cheapest Insertion,1646.9949145298333,0.6875209808349609,nan
42,340,Farthest Insertion,1506.5974155844287,0.3646533489227295,nan
42,341,Nearest Neighbor,1732.2528058158691,0.007899045944213867,nan
42,341,Cheapest Insertion,1630.898470774212,0.7823600769042969,nan
42,341,Farthest Insertion,1510.791105842605,0.36017656326293945,nan
42,342,Nearest Neighbor,1736.9771646716313,0.0031909942626953125,nan
42,342,Cheapest Insertion,1635.8873016209402,0.6853411197662354,nan
42,342,Farthest Insertion,1509.028112897183,0.3774394989013672,nan
42,343,Nearest Neighbor,1687.569590062678,0.008022069931030273,nan
42,343,Cheapest Insertion,1642.6301997830715,0.7410006523132324,nan
42,343,Farthest Insertion,1525.2038690871634,0.35247087478637695,nan
42,344,Nearest Neighbor,1737.5336319591472,0.0036029815673828125,nan
42,344,Cheapest Insertion,1639.1086958833405,0.6939196586608887,nan
42,344,Farthest Insertion,1528.1765860616508,0.3798491954803467,nan
42,345,Nearest Neighbor,1738.390417897983,0.0048024654388427734,nan
42,345,Cheapest Insertion,1639.2142604272387,0.710092306137085,nan
42,345,Farthest Insertion,1528.2821506055493,0.3924374580383301,nan
42,346,Nearest Neighbor,1739.2143948525031,0.004354000091552734,nan
42,346,Cheapest Insertion,1640.5754414273308,0.691023588180542,nan
42,346,Farthest Insertion,1523.8626061855987,0.3790159225463867,nan
42,347,Nearest Neighbor,1753.6686779846657,0.00634002685546875,nan
42,347,Cheapest Insertion,1646.653301670361,0.6954624652862549,nan
42,347,Farthest Insertion,1524.7526253610813,0.38242340087890625,nan
42,348,Nearest Neighbor,1744.3736337230473,0.007262706756591797,nan
42,348,Cheapest Insertion,1659.4074256680253,0.7318296432495117,nan
42,348,Farthest Insertion,1525.3483870064065,0.37934184074401855,nan
42,349,Nearest Neighbor,1744.9092429640757,0.006042957305908203,nan
42,349,Cheapest Insertion,1659.9430349090537,0.7035717964172363,nan
42,349,Farthest Insertion,1529.5104572964788,0.3748791217803955,nan
42,350,Nearest Neighbor,1745.7218295788234,0.0019826889038085938,nan
42,350,Cheapest Insertion,1658.8704701670865,0.757011890411377,nan
42,350,Farthest Insertion,1530.9631721128146,0.42903804779052734,nan
42,351,Nearest Neighbor,1803.8180779982818,0.00031757354736328125,nan
42,351,Cheapest Insertion,1660.678722338096,0.7554912567138672,nan
42,351,Farthest Insertion,1531.7655189493692,0.3974001407623291,nan
42,352,Nearest Neighbor,1807.638560366491,0.007269859313964844,nan
42,352,Cheapest Insertion,1660.8278318144617,0.7982807159423828,nan
42,352,Farthest Insertion,1533.1879686550744,0.4192464351654053,nan
42,353,Nearest Neighbor,1807.722467050178,0.006199836730957031,nan
42,353,Cheapest Insertion,1661.0599815935689,0.7745509147644043,nan
42,353,Farthest Insertion,1535.278971951124,0.40237951278686523,nan
42,354,Nearest Neighbor,1827.4755938467333,0.005598783493041992,nan
42,354,Cheapest Insertion,1660.8779040363438,0.8290669918060303,nan
42,354,Farthest Insertion,1538.012710371547,0.41554975509643555,nan
42,355,Nearest Neighbor,1842.0290271408244,0.004242658615112305,nan
42,355,Cheapest Insertion,1664.434632633421,0.747349739074707,nan
42,355,Farthest Insertion,1543.6448003693022,0.4180929660797119,nan
42,356,Nearest Neighbor,1850.636299264066,0.009331703186035156,nan
42,356,Cheapest Insertion,1686.5525135980306,0.7728688716888428,nan
42,356,Farthest Insertion,1552.0940005591735,0.419464111328125,nan
42,357,Nearest Neighbor,1851.196626441045,0.003574371337890625,nan
42,357,Cheapest Insertion,1690.678058999304,0.8151006698608398,nan
42,357,Farthest Insertion,1553.4533313681807,0.43689560890197754,nan
42,358,Nearest Neighbor,1841.4235073667694,0.004095792770385742,nan
42,358,Cheapest Insertion,1692.8064719732458,0.7707390785217285,nan
42,358,Farthest Insertion,1553.48373003152,0.4190247058868408,nan
42,359,Nearest Neighbor,1844.7891119950775,0.004663944244384766,nan
42,359,Cheapest Insertion,1694.0712620020863,0.7557153701782227,nan
42,359,Farthest Insertion,1556.4798577586032,0.424274206161499,nan
42,360,Nearest Neighbor,1846.0966022627433,0.007539272308349609,nan
42,360,Cheapest Insertion,1696.2153950735685,0.7917733192443848,nan
42,360,Farthest Insertion,1557.9605555631997,0.5004832744598389,nan
42,361,Nearest Neighbor,1848.437447910436,0.0053560733795166016,nan
42,361,Cheapest Insertion,1698.5562407212612,0.933936595916748,nan
42,361,Farthest Insertion,1557.9977667637118,0.44039463996887207,nan
42,362,Nearest Neighbor,1848.4793773862896,0.007601022720336914,nan
42,362,Cheapest Insertion,1698.598170197115,0.914858341217041,nan
42,362,Farthest Insertion,1557.3489041606772,0.42936015129089355,nan
42,363,Nearest Neighbor,1849.9184334163467,0.008388280868530273,nan
42,363,Cheapest Insertion,1699.3977728161594,0.8532366752624512,nan
42,363,Farthest Insertion,1557.583675168406,0.4219388961791992,nan
42,364,Nearest Neighbor,1798.446154188202,0.011384963989257812,nan
42,364,Cheapest Insertion,1708.71324696694,0.8267812728881836,nan
42,364,Farthest Insertion,1560.745350381019,0.44040489196777344,nan
42,365,Nearest Neighbor,1800.851459072109,0.0037620067596435547,nan
42,365,Cheapest Insertion,1708.950951744716,0.8277063369750977,nan
42,365,Farthest Insertion,1560.983055158795,0.4428400993347168,nan
42,366,Nearest Neighbor,1805.6333605310172,0.006026506423950195,nan
42,366,Cheapest Insertion,1686.956638892484,0.8005194664001465,nan
42,366,Farthest Insertion,1573.3483791412305,0.46787309646606445,nan
42,367,Nearest Neighbor,1807.586562127676,0.007041454315185547,nan
42,367,Cheapest Insertion,1692.4725527022879,0.8277316093444824,nan
42,367,Farthest Insertion,1575.3015807378893,0.5242919921875,nan
42,368,Nearest Neighbor,1809.310370131776,0.0017113685607910156,nan
42,368,Cheapest Insertion,1694.196360706388,0.9176974296569824,nan
42,368,Farthest Insertion,1575.6695061985272,0.49437856674194336,nan
42,369,Nearest Neighbor,1809.3802607718592,0.002362966537475586,nan
42,369,Cheapest Insertion,1694.266251346471,0.8729102611541748,nan
42,369,Farthest Insertion,1575.7393968386104,0.4898111820220947,nan
42,370,Nearest Neighbor,1875.1154936232554,0.006227970123291016,nan
42,370,Cheapest Insertion,1702.0194638479438,0.8565292358398438,nan
42,370,Farthest Insertion,1575.680657325742,0.5071070194244385,nan
42,371,Nearest Neighbor,1869.6631378258885,0.011054039001464844,nan
42,371,Cheapest Insertion,1708.272257839987,0.8810157775878906,nan
42,371,Farthest Insertion,1576.1935723508282,0.46838855743408203,nan
42,372,Nearest Neighbor,1902.5752804933732,0.008523702621459961,nan
42,372,Cheapest Insertion,1705.5218369280092,0.9625694751739502,nan
42,372,Farthest Insertion,1576.213962212818,0.5007927417755127,nan
42,373,Nearest Neighbor,1781.4429123312248,0.007866859436035156,nan
42,373,Cheapest Insertion,1710.3428173737088,0.8721466064453125,nan
42,373,Farthest Insertion,1580.595720338067,0.47027158737182617,nan
42,374,Nearest Neighbor,1781.6891639209696,0.008338689804077148,nan
42,374,Cheapest Insertion,1730.0395806875335,0.8679502010345459,nan
42,374,Farthest Insertion,1580.8419719278115,0.4858262538909912,nan
42,375,Nearest Neighbor,1783.2495780324796,0.012144088745117188,nan
42,375,Cheapest Insertion,1731.073598894814,0.8691673278808594,nan
42,375,Farthest Insertion,1583.5050797314289,0.48467135429382324,nan
42,376,Nearest Neighbor,1786.965398328999,0.008289337158203125,nan
42,376,Cheapest Insertion,1732.4947742885104,1.232069492340088,nan
42,376,Farthest Insertion,1586.1308671581053,0.5007452964782715,nan
42,377,Nearest Neighbor,1800.7480406867687,0.00940394401550293,nan
42,377,Cheapest Insertion,1733.5342145083112,0.955040454864502,nan
42,377,Farthest Insertion,1586.3651606707567,0.5768694877624512,nan
42,378,Nearest Neighbor,1800.8337706449809,0.008332490921020508,nan
42,378,Cheapest Insertion,1734.362678791653,0.9146451950073242,nan
42,378,Farthest Insertion,1588.0303606535401,0.49028992652893066,nan
42,379,Nearest Neighbor,1801.8168765982075,0.00577545166015625,nan
42,379,Cheapest Insertion,1737.5327046802656,0.8986072540283203,nan
42,379,Farthest Insertion,1590.9400981358372,0.502687931060791,nan
42,380,Nearest Neighbor,1808.2412971105284,0.0050508975982666016,nan
42,380,Cheapest Insertion,1748.796164378319,0.9296822547912598,nan
42,380,Farthest Insertion,1591.0390004671353,0.49676942825317383,nan
42,381,Nearest Neighbor,1810.4532118317113,0.012211084365844727,nan
42,381,Cheapest Insertion,1765.5848987833372,0.9160239696502686,nan
42,381,Farthest Insertion,1591.0501536860672,0.5076582431793213,nan
42,382,Nearest Neighbor,1855.405492584317,0.008970975875854492,nan
42,382,Cheapest Insertion,1781.4021830944146,1.0313336849212646,nan
42,382,Farthest Insertion,1596.2137610067914,0.5385169982910156,nan
42,383,Nearest Neighbor,1772.5794748608598,0.013654470443725586,nan
42,383,Cheapest Insertion,1778.3691759723115,1.2521679401397705,nan
42,383,Farthest Insertion,1600.6440642666169,0.5445308685302734,nan
42,384,Nearest Neighbor,1778.7654083024147,0.008372068405151367,nan
42,384,Cheapest Insertion,1783.147451979873,1.0082283020019531,nan
42,384,Farthest Insertion,1607.5442784354761,0.5401885509490967,nan
42,385,Nearest Neighbor,1772.281769219976,0.00890207290649414,nan
42,385,Cheapest Insertion,1783.7362769226443,0.9571177959442139,nan
42,385,Farthest Insertion,1607.848370126335,0.5204629898071289,nan
42,386,Nearest Neighbor,1843.8208628840207,0.007493734359741211,nan
42,386,Cheapest Insertion,1788.752336276682,1.0117037296295166,nan
42,386,Farthest Insertion,1611.034749749288,0.5967757701873779,nan
42,387,Nearest Neighbor,1913.0514527801072,0.018016815185546875,nan
42,387,Cheapest Insertion,1791.909564023972,1.0237760543823242,nan
42,387,Farthest Insertion,1617.491177871668,0.6168498992919922,nan
42,388,Nearest Neighbor,1908.2937913809076,0.011088132858276367,nan
42,388,Cheapest Insertion,1797.7828054475121,1.058962106704712,nan
42,388,Farthest Insertion,1624.019979414037,0.5350651741027832,nan
42,389,Nearest Neighbor,1903.2807012501457,0.01273965835571289,nan
42,389,Cheapest Insertion,1798.6632684476585,0.9809386730194092,nan
42,389,Farthest Insertion,1625.7729135766049,0.55782151222229,nan
42,390,Nearest Neighbor,1904.0860467583216,0.006853580474853516,nan
42,390,Cheapest Insertion,1799.4686139558344,1.1159625053405762,nan
42,390,Farthest Insertion,1633.285272849403,0.5444281101226807,nan
42,391,Nearest Neighbor,1909.6811567402792,0.0065844058990478516,nan
42,391,Cheapest Insertion,1804.7488426225154,1.007753849029541,nan
42,391,Farthest Insertion,1635.101787277015,0.529827356338501,nan
42,392,Nearest Neighbor,1909.7028643037575,0.0015206336975097656,nan
42,392,Cheapest Insertion,1808.9559588908573,1.072991132736206,nan
42,392,Farthest Insertion,1635.3505478437087,0.5428121089935303,nan
42,393,Nearest Neighbor,1899.6498158315062,0.008703947067260742,nan
42,393,Cheapest Insertion,1813.204533533847,1.0387561321258545,nan
42,393,Farthest Insertion,1636.363924639716,0.5591311454772949,nan
42,394,Nearest Neighbor,1904.778297384365,0.008652925491333008,nan
42,394,Cheapest Insertion,1814.6643082949226,1.109959363937378,nan
42,394,Farthest Insertion,1634.2720880997636,0.5886058807373047,nan
42,395,Nearest Neighbor,1905.6405126580985,0.007137775421142578,nan
42,395,Cheapest Insertion,1811.42851300523,1.0383875370025635,nan
42,395,Farthest Insertion,1643.9879846021222,0.6428310871124268,nan
42,396,Nearest Neighbor,1819.2012834770799,0.005753755569458008,nan
42,396,Cheapest Insertion,1810.1544309619198,1.0723581314086914,nan
42,396,Farthest Insertion,1644.4052326401622,0.5726516246795654,nan
42,397,Nearest Neighbor,1819.3889730303772,0.010382413864135742,nan
42,397,Cheapest Insertion,1807.1780448386535,1.091102123260498,nan
42,397,Farthest Insertion,1644.4786796002272,0.575894832611084,nan
42,398,Nearest Neighbor,1820.102020326312,0.008389472961425781,nan
42,398,Cheapest Insertion,1807.9311253686546,1.0708703994750977,nan
42,398,Farthest Insertion,1645.191726896162,0.5884876251220703,nan
42,399,Nearest Neighbor,1826.915560826729,0.010797500610351562,nan
42,399,Cheapest Insertion,1809.3232055455594,1.0875966548919678,nan
42,399,Farthest Insertion,1647.6699293126771,0.5952715873718262,nan
42,400,Nearest Neighbor,1842.965516371594,0.007658481597900391,nan
42,400,Cheapest Insertion,1809.7172252512923,1.075883150100708,nan
42,400,Farthest Insertion,1648.3914688003385,0.5741629600524902,nan
42,401,Nearest Neighbor,1891.3429340514322,0.010402202606201172,nan
42,401,Cheapest Insertion,1790.6497230842772,1.0931804180145264,nan
42,401,Farthest Insertion,1648.9360006233562,0.5963585376739502,nan
42,402,Nearest Neighbor,1934.9265700572275,0.008768796920776367,nan
42,402,Cheapest Insertion,1791.3981675484913,1.1671500205993652,nan
42,402,Farthest Insertion,1649.6844450875706,0.6055257320404053,nan
42,403,Nearest Neighbor,1922.395228372266,0.0,nan
42,403,Cheapest Insertion,1796.1341561094594,1.3693735599517822,nan
42,403,Farthest Insertion,1652.3907207935604,1.1679482460021973,nan
42,404,Nearest Neighbor,1923.528381044423,0.008820056915283203,nan
42,404,Cheapest Insertion,1797.2673087816158,1.6472585201263428,nan
42,404,Farthest Insertion,1653.1708604085072,0.6715433597564697,nan
42,405,Nearest Neighbor,1917.9243067438786,0.01221776008605957,nan
42,405,Cheapest Insertion,1804.5162206925079,1.2825379371643066,nan
42,405,Farthest Insertion,1680.7406878243999,0.6553599834442139,nan
42,406,Nearest Neighbor,1918.3055251234266,0.010700225830078125,nan
42,406,Cheapest Insertion,1805.550614471347,1.1938824653625488,nan
42,406,Farthest Insertion,1676.9124039674693,0.6147317886352539,nan
42,407,Nearest Neighbor,1918.489475137477,0.017911672592163086,nan
42,407,Cheapest Insertion,1805.7345644853974,1.1564936637878418,nan
42,407,Farthest Insertion,1677.0963539815198,0.623685359954834,nan
42,408,Nearest Neighbor,1919.0149677600095,0.008329391479492188,nan
42,408,Cheapest Insertion,1806.26005710793,1.2437114715576172,nan
42,408,Farthest Insertion,1677.4550055820896,0.662236213684082,nan
42,409,Nearest Neighbor,1919.0155250919067,0.010614156723022461,nan
42,409,Cheapest Insertion,1807.4444199051402,1.1435129642486572,nan
42,409,Farthest Insertion,1667.231087139733,0.6181585788726807,nan
42,410,Nearest Neighbor,1912.4667485767277,0.011586427688598633,nan
42,410,Cheapest Insertion,1810.7378608866022,1.1656925678253174,nan
42,410,Farthest Insertion,1673.5356209998524,0.6448879241943359,nan
42,411,Nearest Neighbor,1881.2383153201943,0.017633914947509766,nan
42,411,Cheapest Insertion,1810.7378797912372,1.1892733573913574,nan
42,411,Farthest Insertion,1673.9545426324503,0.611151933670044,nan
42,412,Nearest Neighbor,1883.4012145109812,0.008206367492675781,nan
42,412,Cheapest Insertion,1812.9007789820243,1.1947157382965088,nan
42,412,Farthest Insertion,1676.0869575091565,0.6312689781188965,nan
42,413,Nearest Neighbor,1883.797502013593,0.005880117416381836,nan
42,413,Cheapest Insertion,1815.47362135002,1.1983418464660645,nan
42,413,Farthest Insertion,1678.0017182744186,0.7422959804534912,nan
42,414,Nearest Neighbor,1885.896951887377,0.012627363204956055,nan
42,414,Cheapest Insertion,1816.7509059841516,1.2510631084442139,nan
42,414,Farthest Insertion,1680.101168148203,0.6434845924377441,nan
42,415,Nearest Neighbor,1798.4687780087331,0.009207487106323242,nan
42,415,Cheapest Insertion,1819.179414115985,1.2064757347106934,nan
42,415,Farthest Insertion,1683.5032387582578,0.6551766395568848,nan
42,416,Nearest Neighbor,1902.4209144957408,0.007253170013427734,nan
42,416,Cheapest Insertion,1826.9275721531747,1.256833553314209,nan
42,416,Farthest Insertion,1687.422087525676,0.6429011821746826,nan
42,417,Nearest Neighbor,1902.4217521414866,0.017307758331298828,nan
42,417,Cheapest Insertion,1821.5119046319167,1.2277004718780518,nan
42,417,Farthest Insertion,1687.6206500373692,0.6974961757659912,nan
42,418,Nearest Neighbor,1826.6550629014998,0.0035610198974609375,nan
42,418,Cheapest Insertion,1821.9843652336265,1.2521164417266846,nan
42,418,Farthest Insertion,1695.120775701039,0.6579222679138184,nan
42,419,Nearest Neighbor,1826.701385450205,0.0076978206634521484,nan
42,419,Cheapest Insertion,1822.0306877823314,1.2606821060180664,nan
42,419,Farthest Insertion,1695.167098249744,0.685225248336792,nan
42,420,Nearest Neighbor,1828.0874112547256,0.010165691375732422,nan
42,420,Cheapest Insertion,1825.7101832971073,1.2657899856567383,nan
42,420,Farthest Insertion,1699.8689815363318,0.7573761940002441,nan
42,421,Nearest Neighbor,1828.8167884865795,0.004946470260620117,nan
42,421,Cheapest Insertion,1826.3842874499094,1.6152596473693848,nan
42,421,Farthest Insertion,1700.543085689134,0.6989364624023438,nan
42,422,Nearest Neighbor,1918.4925955018116,0.007929325103759766,nan
42,422,Cheapest Insertion,1825.2503110865478,1.2775418758392334,nan
42,422,Farthest Insertion,1697.7117027583336,0.7638239860534668,nan
42,423,Nearest Neighbor,1887.1114745490331,0.011621236801147461,nan
42,423,Cheapest Insertion,1825.2525581607106,1.3362648487091064,nan
42,423,Farthest Insertion,1699.1347342112222,0.6971030235290527,nan
42,424,Nearest Neighbor,1889.0167627096398,0.009319782257080078,nan
42,424,Cheapest Insertion,1825.314938604832,1.4059388637542725,nan
42,424,Farthest Insertion,1700.4472454038187,0.6993083953857422,nan
42,425,Nearest Neighbor,1889.3190805534873,0.006757974624633789,nan
42,425,Cheapest Insertion,1820.7138151054119,1.413245439529419,nan
42,425,Farthest Insertion,1702.1329484505638,0.7255074977874756,nan
42,426,Nearest Neighbor,1862.3867493942937,0.004387855529785156,nan
42,426,Cheapest Insertion,1826.2791939636274,1.347996473312378,nan
42,426,Farthest Insertion,1707.6983273087792,0.767059326171875,nan
42,427,Nearest Neighbor,1862.3943548622237,0.017163753509521484,nan
42,427,Cheapest Insertion,1826.2867994315575,1.4298162460327148,nan
42,427,Farthest Insertion,1707.7059327767092,1.337256669998169,nan
42,428,Nearest Neighbor,1844.8497177972704,0.01663517951965332,nan
42,428,Cheapest Insertion,1826.9250183280199,2.5970849990844727,nan
42,428,Farthest Insertion,1708.3441516731714,2.016183376312256,nan
42,429,Nearest Neighbor,1858.192815068916,0.028470516204833984,nan
42,429,Cheapest Insertion,1827.5549423867658,5.537925720214844,nan
42,429,Farthest Insertion,1711.9770866342135,15.395235061645508,nan
42,430,Nearest Neighbor,1858.3899337693142,0.011800527572631836,nan
42,430,Cheapest Insertion,1827.7520610871643,5.386826753616333,nan
42,430,Farthest Insertion,1713.2706730078241,2.2555525302886963,nan
42,431,Nearest Neighbor,1858.4120253544238,0.016139745712280273,nan
42,431,Cheapest Insertion,1827.9488506268824,2.1593990325927734,nan
42,431,Farthest Insertion,1713.2927645929337,0.997229814529419,nan
